-- MySQL dump 10.13  Distrib 8.0.11, for Win64 (x86_64)
--
-- Host: localhost    Database: webtintuc
-- ------------------------------------------------------
-- Server version	8.0.11

/*!40101 SET @OLD_CHARACTER_SET_CLIENT=@@CHARACTER_SET_CLIENT */;
/*!40101 SET @OLD_CHARACTER_SET_RESULTS=@@CHARACTER_SET_RESULTS */;
/*!40101 SET @OLD_COLLATION_CONNECTION=@@COLLATION_CONNECTION */;
 SET NAMES utf8 ;
/*!40103 SET @OLD_TIME_ZONE=@@TIME_ZONE */;
/*!40103 SET TIME_ZONE='+00:00' */;
/*!40014 SET @OLD_UNIQUE_CHECKS=@@UNIQUE_CHECKS, UNIQUE_CHECKS=0 */;
/*!40014 SET @OLD_FOREIGN_KEY_CHECKS=@@FOREIGN_KEY_CHECKS, FOREIGN_KEY_CHECKS=0 */;
/*!40101 SET @OLD_SQL_MODE=@@SQL_MODE, SQL_MODE='NO_AUTO_VALUE_ON_ZERO' */;
/*!40111 SET @OLD_SQL_NOTES=@@SQL_NOTES, SQL_NOTES=0 */;

--
-- Table structure for table `bookmarked`
--

DROP TABLE IF EXISTS `bookmarked`;
/*!40101 SET @saved_cs_client     = @@character_set_client */;
 SET character_set_client = utf8mb4 ;
CREATE TABLE `bookmarked` (
  `id_bookmarked` int(11) NOT NULL AUTO_INCREMENT,
  `id_customer` int(11) NOT NULL,
  `id_news` int(11) NOT NULL,
  PRIMARY KEY (`id_bookmarked`),
  KEY `id_customer` (`id_customer`),
  KEY `id_news` (`id_news`),
  CONSTRAINT `bookmarked_ibfk_1` FOREIGN KEY (`id_customer`) REFERENCES `users` (`id_user`),
  CONSTRAINT `bookmarked_ibfk_2` FOREIGN KEY (`id_news`) REFERENCES `news` (`id_news`)
) ENGINE=InnoDB AUTO_INCREMENT=8 DEFAULT CHARSET=utf8mb4 COLLATE=utf8mb4_0900_ai_ci;
/*!40101 SET character_set_client = @saved_cs_client */;

--
-- Dumping data for table `bookmarked`
--

LOCK TABLES `bookmarked` WRITE;
/*!40000 ALTER TABLE `bookmarked` DISABLE KEYS */;
INSERT INTO `bookmarked` VALUES (5,3,30),(6,3,62),(7,3,67);
/*!40000 ALTER TABLE `bookmarked` ENABLE KEYS */;
UNLOCK TABLES;

--
-- Table structure for table `branch_category`
--

DROP TABLE IF EXISTS `branch_category`;
/*!40101 SET @saved_cs_client     = @@character_set_client */;
 SET character_set_client = utf8mb4 ;
CREATE TABLE `branch_category` (
  `id_branch_category` int(11) NOT NULL AUTO_INCREMENT,
  `id_main_category` int(11) NOT NULL,
  `name_branch` varchar(45) NOT NULL,
  PRIMARY KEY (`id_branch_category`),
  KEY `id_main_category` (`id_main_category`),
  CONSTRAINT `branch_category_ibfk_1` FOREIGN KEY (`id_main_category`) REFERENCES `main_category` (`id_main_category`)
) ENGINE=InnoDB AUTO_INCREMENT=131 DEFAULT CHARSET=utf8mb4 COLLATE=utf8mb4_0900_ai_ci;
/*!40101 SET character_set_client = @saved_cs_client */;

--
-- Dumping data for table `branch_category`
--

LOCK TABLES `branch_category` WRITE;
/*!40000 ALTER TABLE `branch_category` DISABLE KEYS */;
INSERT INTO `branch_category` VALUES (1,1,'Giao thông'),(2,1,'Mekong'),(3,2,'Góc nhìn'),(4,3,'Tư liệu'),(5,3,'Phân tích'),(6,3,'Người Việt 5 châu'),(7,3,'Cuộc sống đó đây'),(8,3,'Quân sự'),(9,4,'Thời sự'),(10,4,'Nhịp sống'),(11,4,'Food'),(12,4,'Cuộc sống 4.0'),(13,4,'Tôi kể'),(14,4,'The Changers'),(15,4,'Giải trí'),(16,4,'Du lịch'),(17,4,'Thể thao'),(18,4,'Thế giới'),(19,4,'Pháp luật'),(20,4,'Kinh doanh'),(21,4,'Khoa học'),(22,4,'Giáo dục'),(23,4,'Sức khỏe'),(24,4,'Kid lab'),(25,5,'Quốc tế'),(26,5,'Doanh nghiệp'),(27,5,'Chứng khoán'),(28,5,'Bất động sản'),(29,5,'Ebank'),(30,5,'Vĩ mô'),(31,5,'Tiền của tôi'),(32,5,'Hàng hóa'),(33,5,'Startup'),(34,5,'Vận hành số'),(35,6,'Giới sao'),(36,6,'Video'),(37,6,'Phim'),(38,6,'Nhạc'),(39,6,'Thời trang'),(40,6,'Làm đẹp'),(41,6,'Sách'),(42,6,'Sân khấu mỹ thuật'),(43,7,'Video'),(44,7,'Bóng đá'),(45,7,'Tennis'),(46,7,'VM 2020'),(47,7,'Các môn khác'),(48,7,'Hậu trường'),(49,7,'Ảnh'),(50,7,'Tường thuật'),(51,7,'F1'),(52,7,'World Cup 2022'),(53,7,'Lịch thi đấu'),(54,7,'V Race'),(55,8,'Hồ sơ phá án'),(56,8,'Tư vấn'),(57,9,'Tuyển sinh'),(58,9,'Học tiếng anh'),(59,9,'Du học'),(60,9,'Trắc nghiệm'),(61,9,'Kid lab'),(62,9,'Giáo dục 4.0'),(63,10,'Tin tức'),(64,10,'Các bệnh'),(65,10,'Tư vấn'),(66,10,'Khỏe đẹp'),(67,10,'Đàn ông'),(68,10,'Dinh dưỡng'),(69,10,'Podcast'),(70,10,'Ung thư'),(71,10,'Vaccine'),(72,11,'Tổ ấm'),(73,11,'Bài học sống'),(74,11,'Nhà'),(75,11,'Tiêu dùng'),(76,12,'Điểm đến'),(77,12,'Dấu chân'),(78,12,'Tư vấn'),(79,12,'Ảnh'),(80,12,'Cẩm nang'),(81,12,'Safe Go'),(82,13,'Tin tức'),(83,13,'Phát minh'),(84,13,'Ứng dụng'),(85,13,'Thế giới tự nhiên'),(86,13,'Thường thức'),(87,14,'Công nghệ'),(88,14,'Sản phẩm'),(89,14,'Diễn đàn'),(90,15,'Tư vấn'),(91,15,'Bảng giá'),(92,15,'Thị trường'),(93,15,'Diễn đàn'),(94,15,'Mua bán'),(95,15,'Thi bằng lái'),(96,15,'Xe xanh'),(97,15,'Đánh giá'),(98,16,'Thời sự'),(99,16,'Đời sống'),(100,17,'Chuyên gia gỡ rối'),(101,17,'Hẹn hò'),(102,18,'Video'),(103,18,'Đố vui'),(104,18,'Ảnh'),(105,19,'News'),(106,19,'Business'),(107,19,'Travel'),(108,19,'Life'),(109,19,'Sports'),(110,19,'Video'),(111,19,'Perspcetives'),(112,20,'Quảng cáo'),(113,1,'Thời sự'),(114,3,'Thế giới'),(115,4,'Video'),(116,5,'Kinh doanh'),(117,6,'Giải trí'),(118,7,'Thể thao'),(119,8,'Pháp luật'),(120,9,'Giáo dục'),(121,10,'Sức khỏe'),(122,11,'Đời sống'),(123,12,'Du lịch'),(124,13,'Khoa học'),(125,14,'Số hóa'),(126,15,'Xe'),(127,16,'Ý kiến'),(128,17,'Tâm sự'),(129,18,'Cười'),(130,1,'Nông nghiệp sạch');
/*!40000 ALTER TABLE `branch_category` ENABLE KEYS */;
UNLOCK TABLES;

--
-- Table structure for table `coment`
--

DROP TABLE IF EXISTS `coment`;
/*!40101 SET @saved_cs_client     = @@character_set_client */;
 SET character_set_client = utf8mb4 ;
CREATE TABLE `coment` (
  `id_coment` int(11) NOT NULL AUTO_INCREMENT,
  `id_news` int(11) NOT NULL,
  `id_customer` int(11) NOT NULL,
  `context_coment` longtext NOT NULL,
  `likes_coment` int(11) DEFAULT '0',
  `isvalid` tinyint(4) NOT NULL DEFAULT '0',
  PRIMARY KEY (`id_coment`),
  KEY `id_news` (`id_news`),
  KEY `id_customer` (`id_customer`),
  CONSTRAINT `coment_ibfk_1` FOREIGN KEY (`id_news`) REFERENCES `news` (`id_news`),
  CONSTRAINT `coment_ibfk_2` FOREIGN KEY (`id_customer`) REFERENCES `users` (`id_user`)
) ENGINE=InnoDB AUTO_INCREMENT=16 DEFAULT CHARSET=utf8mb4 COLLATE=utf8mb4_0900_ai_ci;
/*!40101 SET character_set_client = @saved_cs_client */;

--
-- Dumping data for table `coment`
--

LOCK TABLES `coment` WRITE;
/*!40000 ALTER TABLE `coment` DISABLE KEYS */;
INSERT INTO `coment` VALUES (1,30,3,'hello',0,1),(2,30,3,'Năm',0,1),(3,1,3,'hello',0,1),(4,1,2,'HJAVIUHIJAOK',0,1),(5,58,3,'Tôi không quên bộ phim Xô viết nổi tiếng \"Số phận con người\". Tuy nhiên, thái độ của mỗi người với số phận là hoàn toàn khác nhau.',0,1),(6,60,3,'shuif9c0isa[l',0,1),(7,57,3,'gjuyihojpkl',0,1),(8,61,4,'nb jkbnlm,',0,1),(9,67,2,'Đau lòng quá',0,1),(10,67,2,'jdfioaockamscvsdopf',0,1),(11,67,3,'iuebfhojopakd;s\'D',0,1),(12,68,3,'hbuhoiqwjpkdl[sÁ',0,1),(13,5,2,'ggjshakcl;xA',0,1),(14,5,1,'dưubiwehojpkled',0,1),(15,1,1,'vhcjvbnlkm;l,',0,1);
/*!40000 ALTER TABLE `coment` ENABLE KEYS */;
UNLOCK TABLES;

--
-- Table structure for table `gocnhin`
--

DROP TABLE IF EXISTS `gocnhin`;
/*!40101 SET @saved_cs_client     = @@character_set_client */;
 SET character_set_client = utf8mb4 ;
CREATE TABLE `gocnhin` (
  `id_gocnhin` int(11) NOT NULL AUTO_INCREMENT,
  `id_customer` int(11) NOT NULL,
  `id_admin` int(11) DEFAULT NULL,
  `status_gocnhin` tinyint(4) NOT NULL DEFAULT '0',
  `publish_date_gocnhin` datetime NOT NULL,
  `latest_update_gocnhin` datetime NOT NULL,
  `views_gocnhin` int(11) NOT NULL DEFAULT '0',
  `title_gocnhin` mediumtext NOT NULL,
  `context_gocnhin` longtext NOT NULL,
  `ishot_gocnhin` tinyint(4) NOT NULL DEFAULT '0',
  PRIMARY KEY (`id_gocnhin`),
  KEY `id_customer` (`id_customer`),
  KEY `gocnhin_ibfk_2` (`id_admin`),
  CONSTRAINT `gocnhin_ibfk_1` FOREIGN KEY (`id_customer`) REFERENCES `users` (`id_user`),
  CONSTRAINT `gocnhin_ibfk_2` FOREIGN KEY (`id_admin`) REFERENCES `users` (`id_user`)
) ENGINE=InnoDB AUTO_INCREMENT=9 DEFAULT CHARSET=utf8mb4 COLLATE=utf8mb4_0900_ai_ci;
/*!40101 SET character_set_client = @saved_cs_client */;

--
-- Dumping data for table `gocnhin`
--

LOCK TABLES `gocnhin` WRITE;
/*!40000 ALTER TABLE `gocnhin` DISABLE KEYS */;
INSERT INTO `gocnhin` VALUES (1,3,2,1,'2020-08-04 04:44:00','2020-08-04 04:44:00',0,'Bỏ thi tốt nghiệp','“Có kết quả thi tốt nghiệp rồi, nhưng chỉ hơn 20% đậu thôi”. Thông tin làm chúng tôi bàng hoàng trong kỳ thi tốt nghiệp phổ thông năm 1988. Điểm chuẩn sau đó đã phải hạ xuống còn 17 cho bốn môn thi để có đủ học sinh vào lớp 10.',0),(2,4,2,1,'2020-08-03 07:39:00','2020-08-03 07:39:00',0,'Tê tê, hổ cốt và Covid','Chàng trai trẻ nói với tôi rằng anh phải mua cao hổ cốt cho cha mình. Tôi hỏi, bạn có hiểu hành động này rất nguy hại không.',1),(3,3,NULL,0,'2020-08-01 22:04:00','2020-08-01 22:04:00',0,'Số phận','Tôi không quên bộ phim Xô viết nổi tiếng \"Số phận con người\". Tuy nhiên, thái độ của mỗi người với số phận là hoàn toàn khác nhau. Có người cam chịu, có người oán trách, có người can trường vượt lên hoàn cảnh. Có người mặc cho đời mình trượt theo sa ngã, theo con đường làm giàu bất chính, kết quả đổi lấy tù đày, mọi người xa lánh, có khi còn nhận án tử hình chua xót.',1),(4,4,2,1,'2020-08-01 00:08:00','2020-08-01 00:08:00',0,'Về từ Đà Nẵng','Cảm giác hoang mang tột độ, phải làm sao đây? Hàng chục cuộc điện thoại lúc rạng sáng, gọi hãng hàng không, gọi các đơn vị vận tải. Đó là hôm 28/7, ai cũng rối bời. Gia đình tôi đã ở Đà Nẵng hai ngày trong chuyến du lịch hè được các thành viên chờ đợi từ lâu. Song, chuyến đi chơi Bà Nà từ 6 giờ sáng hôm trước phải bỏ dở, chúng tôi quay về khách sạn lúc 12 giờ trưa vì có lệnh giãn cách xã hội toàn thành phố Đà Nẵng từ 13 giờ. Còn ngày tiếp theo, cả đoàn đã cố thủ trong khách sạn, hủy lịch trình thăm Hội An để chờ chuyến bay trở lại Thanh Hóa.',1),(5,3,2,1,'2020-08-05 16:02:22','2020-08-05 16:02:22',0,'Thị trường khoa học','Tuần rồi, tôi mới nhận được email của thư ký tòa soạn tạp chí Applied Sciences (Khoa học ứng dụng) của nhà xuất bản MDPI. Cô nhắc lại lời mời tôi làm biên tập viên khách mời cho số đặc biệt về \"Các hiện tượng điện từ trong hệ điện năng\" - một chủ đề chẳng chút liên quan tới chuyên môn của tôi, khoa học vật liệu. Vài ngày trước đó, tạp chí Crystals cũng của MDPI gửi lời mời tương tự.',1),(6,4,NULL,0,'2020-08-06 04:28:30','2020-08-06 04:28:30',0,'Chuồng bò và ý dân','Có nhiều ngày “cách ly xã hội”, mối bận tâm lớn nhất của tôi là “hôm nay mua gì ăn?”. Chuyện tưởng đơn giản hóa ra lại phức tạp.',0),(7,3,NULL,0,'2020-08-26 13:00:10','2020-08-26 13:00:10',0,'‘Vaccine’ cho vùng dịch','Giữa tâm dịch, bà cụ Hái hơn 70 tuổi vẫn ra khỏi nhà. Bà kéo rê cái bao bố trên mặt đường, rong bộ khắp các ngõ, sà vào lục lọi từng thùng rác.',0),(8,3,NULL,0,'2020-08-26 13:04:13','2020-08-26 13:04:13',0,'Triết lý của ngành y','Tôi là một người làm giáo dục. Vì thế, một trong những chủ đề mà tôi quan tâm là triết lý giáo dục. Những suy ngẫm và trải nghiệm thực tế của tôi cho thấy, triết lý giáo dục là cái định hướng mọi hoạt động giáo dục của nhà trường và cả hệ thống giáo dục.\r\n\r\nKhông có triết lý giáo dục dẫn dắt, mọi hoạt động giáo dục sẽ trở nên mất định hướng. Thầy, trò, nhà trường, cả hệ thống giáo dục sẽ luôn ở thế chông chênh và chạy theo các phản ứng sự vụ.\r\n\r\nNói một cách ngắn gọn thì lý giáo dục cũng tương tự như triết lý sống của mỗi người. Triết lý sống chính là kim chỉ nam, định hướng cho việc tổ chức cuộc sống, đặc biệt là vào những lúc phải đưa ra những quyết định quan trọng, của mỗi cá nhân. Một người thực sự trưởng thành phải là một người có triết lý sống rõ ràng, giống như một nền giáo dục trưởng thành cũng phải có một triết lý giáo dục đúng đắn để dẫn dắt.\r\n\r\nTuy nhiên, dù được bàn thảo nhiều, và có cả đề tài cấp quốc gia nghiên cứu về chủ đề này, nhưng lựa chọn và xác lập một triết lý giáo dục đúng cho nền giáo dục hiện thời vẫn là một câu chuyện chưa có hồi kết.\r\n\r\nTrên hành trình suy ngẫm và xác lập triết lý giáo dục cho riêng mình, tôi đã nhiều lần nhìn sang ngành y, xem triết lý giáo dục của ngành y là gì mà các thầy thuốc, bệnh nhân và gia đình, thường luôn đồng thuận và hành động nhất quán mỗi khi phải ra những quyết định lớn.\r\n\r\nRộng hơn, tôi thấy hệ thống y tế vận hành tương đối ổn định. Có thể khó khăn về cơ sở vật chất, về trình độ y bác sĩ, về ứng dụng công nghệ, nhưng về cơ bản, ngành y không bị rối loạn bởi các cải cách liên tục như ngành giáo dục.\r\n\r\nCòn nhớ, ngày tôi thi đại học, bố tôi có nói: Cứ học nghề y hay nghề giáo cho chắc, vì thời nào đi nữa thì xã hội cũng vẫn cần hai nghề này.\r\n\r\nVề đại thể, ngành y tế và giáo dục có nhiều điểm tương đồng vì đây là hai lĩnh vực an sinh xã hội quan trọng nhất, và đều có đối tượng phục vụ trực tiếp là con người. Thầy thuốc và thầy giáo cũng có nhiều điểm tương tự. Thầy thuốc thì an ủi và cứu chữa con người. Còn thầy giáo thì nâng đỡ và phát triển con người.\r\n\r\nThầy thuốc không thể chữa được mọi loại bệnh, cũng giống như thầy giáo không thể dạy được mọi thứ, nhưng cả hai đều là nơi nương tựa của con người, khi họ cần sự hỗ trợ nhiều nhất. Có lẽ đó là lý do xã hội đã tôn vinh những người làm nghề y và nghề giáo và gọi họ là Thầy.\r\n\r\nTuy nhiên, ngành y có một điều may mắn lớn hơn ngành giáo dục. Đó là, dù không gọi tên một cách tường minh và trang trọng, nhưng ngành y có một triết lý vững vàng để dẫn dắt, được thầy thuốc, bệnh nhân và xã hội đồng thuận. Triết lý đó được diễn giải rất ngắn gọn, và dễ hiểu đến mức bất cứ ai cũng có thể hiểu được và nhất trí: Còn nước còn tát!\r\n\r\nChính nhờ triết lý \"Còn nước còn tát\" này mà tôi chưa bao giờ thấy các y bác sĩ, bệnh nhân, gia đình bệnh nhân, hay những người có liên quan nao núng mỗi khi ra quyết định. Đối với họ, cứu người là chuyện đương nhiên, dù tán gia bại sản, dù chỉ còn một phần nghìn tia hy vọng. Triết lý của họ, kim chỉ nam cho hành động của họ thật mạch lạc và đơn giản: Còn nước còn tát!\r\n\r\nVì thế, tôi đã cho rằng, triết lý hành động của ngành y thực sự là: Còn nước còn tát! Thật sâu sắc, giản dị và dễ hiểu.\r\n\r\nTôi cũng đã mong đợi ngành giáo dục cũng có một triết lý giản dị, dễ hiểu và được đồng thuận cao như vậy làm định hướng hành động. Nhưng ngày đó, xem ra còn lâu mới đến.\r\n\r\nCâu chuyện tìm hiểu về triết lý ngành y của tôi có lẽ chỉ dừng ở mức chiêm nghiệm cá nhân như vậy, nếu không có việc bùng phát dịch Covid-19 những ngày này, gây ra nhiều hệ lụy, không chỉ cho Việt Nam mà còn cả thế giới.\r\n\r\nBản thân chúng tôi cũng bị ảnh hưởng nặng nề bởi dịch Covid-19 này, khi năm học trước, các con tôi phải nghỉ học tránh dịch kéo dài. Còn năm học này, mọi thứ vẫn nằm trong bất định.\r\n\r\nẢnh hưởng của dịch Covid-19 đến kinh tế-xã hội là rất lớn. Không cần phải phân tích bằng các con số, bảng biểu và lập luận thì mỗi người cũng đều trực tiếp cảm nhận được các ảnh hưởng này, trong sinh hoạt, trong nhịp sống xã hội, và trong thu nhập của gia đình.\r\n\r\nTrước những hệ lụy nặng nề đó, ngành y tế và những người chịu trách nhiệm chống dịch sẽ phải ra những quyết định rất khó khăn và quan trọng, liên quan đến việc cứu kinh tế hay chống dịch triệt để.\r\n\r\nNhiều nước đã chọn giải pháp chống dịch vừa phải để cứu kinh tế, nên số người nhiễm dịch và chết tăng vọt. Nước Mỹ có nền y tế mạnh là vậy, mà đến hôm nay (22/8/2020) đã có gần 6 triệu người nhiễm và hơn 180 nghìn người chết. Châu Âu còn tệ hơn khi có hơn 3 triệu người nhiễm và hơn 200 nghìn người chết vì Covid-19.\r\n\r\nViệt Nam chúng ta may mắn hơn rất nhiều khi bùng phát dịch Covid-19 đợt 1 chỉ có 328 trường hợp nhiễm và không có người chết trong gần 5 tháng. Nhưng trong đợt bùng phát thứ 2 này, chỉ trong khoảng 2 tháng, số ca nhiễm đã tăng lên gấp ba lần so với đợt 1 và có 27 người chết.\r\n\r\nSo với thế giới, Việt Nam đã và đang kiểm soát dịch Covid-19 rất tốt. Đó là một thực tế không thể phủ nhận. Người Việt Nam hoàn toàn có quyền tự hào về điều này.\r\n\r\nTuy nhiên, những hệ lụy về kinh tế - xã hội do dịch Covid-19 mang lại đã làm cho nền kinh tế gần như kiệt sức. Mức tăng trưởng kinh tế Quý 2 gần như bằng không, và nhiều khả năng sẽ âm trong Quý 3 nếu dịch tiếp tục kéo dài.\r\n\r\nSinh hoạt gia đình, nhịp sống xã hội và công ăn việc làm của người dân bị ảnh hưởng nặng nề. Không khí xã hội nói chung là ảm đạm.\r\n\r\nTrước tình hình đó, nhiều ý kiến cho rằng, có lẽ cần phải nới lỏng kiểm soát dịch bệnh để cứu kinh tế. Rất nhiều ý kiến đã được đưa ra. Rất nhiều mô hình dự báo đã được chạy. Và rất nhiều kịch bản đã được thảo luận. Nhưng lựa chọn thì vẫn rối bời.\r\n\r\nTrong hoàn cảnh này, cách tốt nhất là sử dụng triết lý sâu sắc mà giản dị của ngành y mà tôi đã nói ở trên để định hướng hành động: Cứu người là chuyện đương nhiên. Chống dịch là cứu người. Còn nước còn tát!\r\n\r\nVậy thì còn gì phải băn khoăn, còn gì phải nao núng nữa. Các y bác sĩ, những nhà quản lý cứ yên tâm mà chống dịch đến cùng.\r\n\r\nChống dịch là cứu người. Còn nước còn tát. Giản dị vậy thôi.',0);
/*!40000 ALTER TABLE `gocnhin` ENABLE KEYS */;
UNLOCK TABLES;

--
-- Table structure for table `main_category`
--

DROP TABLE IF EXISTS `main_category`;
/*!40101 SET @saved_cs_client     = @@character_set_client */;
 SET character_set_client = utf8mb4 ;
CREATE TABLE `main_category` (
  `id_main_category` int(11) NOT NULL AUTO_INCREMENT,
  `name_main` varchar(45) NOT NULL,
  PRIMARY KEY (`id_main_category`)
) ENGINE=InnoDB AUTO_INCREMENT=22 DEFAULT CHARSET=utf8mb4 COLLATE=utf8mb4_0900_ai_ci;
/*!40101 SET character_set_client = @saved_cs_client */;

--
-- Dumping data for table `main_category`
--

LOCK TABLES `main_category` WRITE;
/*!40000 ALTER TABLE `main_category` DISABLE KEYS */;
INSERT INTO `main_category` VALUES (1,'Thời sự'),(2,'Góc nhìn'),(3,'Thế giới'),(4,'Video'),(5,'Kinh doanh'),(6,'Giải trí'),(7,'Thể thao'),(8,'Pháp luật'),(9,'Giáo dục'),(10,'Sức khỏe'),(11,'Đời sống'),(12,'Du lịch'),(13,'Khoa học'),(14,'Số hóa'),(15,'Xe'),(16,'Ý kiến'),(17,'Tâm sự'),(18,'Cười'),(19,'International'),(20,'Quảng cáo');
/*!40000 ALTER TABLE `main_category` ENABLE KEYS */;
UNLOCK TABLES;

--
-- Table structure for table `multiple_choice`
--

DROP TABLE IF EXISTS `multiple_choice`;
/*!40101 SET @saved_cs_client     = @@character_set_client */;
 SET character_set_client = utf8mb4 ;
CREATE TABLE `multiple_choice` (
  `id_multiple_choice` int(11) NOT NULL AUTO_INCREMENT,
  `id_news` int(11) NOT NULL,
  `stt` int(11) NOT NULL,
  `question` longtext NOT NULL,
  `a_answer` longtext NOT NULL,
  `b_answer` longtext NOT NULL,
  `c_answer` longtext,
  `d_answer` longtext,
  `key_answer` longtext,
  `a_quantity` int(11) NOT NULL DEFAULT '0',
  `b_quantity` int(11) NOT NULL DEFAULT '0',
  `c_quantity` int(11) DEFAULT '0',
  `d_quantity` int(11) DEFAULT '0',
  `explanation` longtext,
  `img_explanation` longtext,
  PRIMARY KEY (`id_multiple_choice`),
  KEY `multiple_choice_ibfk_1` (`id_news`),
  CONSTRAINT `multiple_choice_ibfk_1` FOREIGN KEY (`id_news`) REFERENCES `news` (`id_news`)
) ENGINE=InnoDB AUTO_INCREMENT=11 DEFAULT CHARSET=utf8mb4 COLLATE=utf8mb4_0900_ai_ci;
/*!40101 SET character_set_client = @saved_cs_client */;

--
-- Dumping data for table `multiple_choice`
--

LOCK TABLES `multiple_choice` WRITE;
/*!40000 ALTER TABLE `multiple_choice` DISABLE KEYS */;
INSERT INTO `multiple_choice` VALUES (1,46,1,'Nước Đông Á nào có biệt danh là \"vùng đất của bầu trời xanh\"?','Triều tiên','Mông Cổ','Hàn Quốc',NULL,'B',11,6,2,0,'Mông Cổ giáp Trung Quốc về phía nam và giáp Nga về phía bắc. Thủ đô và thành phố lớn nhất là Ulaanbaatar.\r\n\r\nTheo Worldometer, diện tích Mông Cổ hơn 1,5 triệu km2, dân số hơn 3,2 triệu, trở thành quốc gia có mật độ dân số thưa nhất thế giới.\r\n\r\nMông Cổ có biệt danh là \"vùng đất của bầu trời xanh\", người dân thậm chí tự gọi là \"Mông Cổ xanh\" do được tận hưởng hơn 250 ngày nắng mỗi năm, theo Insider Journeys.\r\n\r\nTuy nhiên, bầu trời xanh không phải lúc nào cũng gắn liền với sự ấm áp. Khí hậu ở quốc gia Đông Á này rất khắc nghiệt. Dù hầu hết lãnh thổ chịu nóng trong mùa hè, nhiệt độ trong mùa đông có thể giảm sâu đến -30 độ C. Ulaanbaatar là thủ đô lạnh nhất thế giới với nhiệt độ trung bình là -1,3 độ C.\r\n\r\nMông Cổ là một trong số ít nền văn hóa du cư còn sót lại trên thế giới với khoảng 30% dân số sống nay đây mai đó.\r\n\r\nDân du mục Mông Cổ chuyên chăn thả gia súc như lạc đà, bò, ngựa, cừu, dê. Người dân rất trân trọng và xem ngựa như người bạn tốt nhất. Từ 3.000 năm trước, họ di chuyển thường xuyên để tìm những đồng cỏ tốt, khai thác điều kiện thuận lợi để phục vụ việc chăn nuôi.','https://i1-vnexpress.vnecdn.net/2020/02/10/Mongo-1655-1581333863.jpg?w=680&h=0&q=100&dpr=1&fit=crop&s=DkVpVqsgZ1NcT7Q8wjXMBw'),(2,46,2,'Tên gọi quốc gia Đông Á nào có nghĩa là \"nguồn gốc của Mặt Trời\"?','Hàn Quốc','Trung Quốc','Nhật Bản',NULL,'C',11,6,2,0,'Nhật Bản là đảo quốc thuộc vùng Đông Á với diện tích gần 380.000 km2, dân số 126,6 triệu, theo Worldometer. Thủ đô của Nhật Bản là Tokyo.\r\n\r\nTên gọi của quốc gia trong tiếng Nhật là \"Nippon\" hoặc \"Nihon\" (chung cách viết bằng chữ kanji), nghĩa là \"nguồn gốc của mặt trời\". Người dân tin rằng Nhật Bản là nơi khởi nguồn của mặt trời và những người phương Tây thường dịch tên của quốc gia này thành \"xứ sở mặt trời mọc\".\r\n\r\nNgoài ra, tổ tiên của người Nhật được cho là Thái Dương thần nữ (nữ thần mặt trời Amaterasu). Quốc kỳ của Nhật Bản có nền trắng, đĩa tròn màu đỏ ở trung tâm, tượng trưng cho mặt trời.','https://i1-vnexpress.vnecdn.net/2020/02/10/Nhat-Ban-4604-1581333863.jpg?w=680&h=0&q=100&dpr=1&fit=crop&s=4A9gRQW2_sZ5G28GMjFNAw'),(3,46,3,'Quốc gia Đông Á nào có đường biên giới với nhiều nước nhất?','Hàn Quốc','Mông Cổ','Trung Quốc',NULL,'C',11,6,2,0,'Trung Quốc, tên chính thức là Cộng hòa Nhân dân Trung Hoa, nằm ở Đông Á, thủ đô là Bắc Kinh. Diện tích gần 9,6 triệu km2, dân số hơn 1,4 tỷ, theo Worldometer.\r\n\r\nLà quốc gia lớn thứ tư thế giới nhưng Trung Quốc có đường biên giới với nhiều quốc gia nhất (14), gồm: Nga, Mông Cổ (phía bắc); Kazakhstan, Kyrgyzstan, Tajikistan (phía tây); Afghanistan, Pakistan, Ấn Độ, Nepal, Bhutan (phía tây nam), Myanmar, Lào, Việt Nam (phía nam) và Triều Tiên (phía đông).\r\n\r\nCũng vì tiếp giáp với nhiều nước, giao thương và du lịch phát triển mạnh, Trung Quốc có ảnh hưởng lớn tới nhiều nước. Ví dụ, dịch viêm phổi cấp do nCoV xuất phát từ thành phố Vũ Hán của Trung Quốc đã trở thành \"tình trạng khẩn cấp toàn cầu\", lây lan ra 26 quốc gia. Trước đó, dịch SARS năm 2002 xuát phát từ tỉnh Quảng Đông cũng lây lan ra 37 quốc gia.',NULL),(4,46,4,'Quốc gia Đông Á nào nổi tiếng là \"bí mật và kín đáo nhất thế giới\"?','Triều Tiên','Hàn Quốc','Mông Cổ',NULL,'A',11,6,2,0,'Triều Tiên, tên đầy đủ là Cộng hòa dân chủ nhân dân Triều Tiên (DPRK), nằm ở nửa bắc bán đảo Triều Tiên, phía đông và tây giáp biển, phía bắc giáp Trung Quốc và Nga, phía nam là giới tuyến quân sự với Hàn Quốc. Quốc gia này rộng 122.762 km2, dân số đến tháng 2/2019 là 26,3 triệu, theo Cổng thông tin Bộ Ngoại giao Việt Nam. Thủ đô của Triều Tiên là Bình Nhưỡng.\r\n\r\nTriều Tiên được xem là một trong những quốc gia bí mật và kín đáo nhất thế giới. Mọi thông tin về Triều Tiên, từ lãnh đạo Kim Jong-un cho tới cuộc sống thường ngày ở Bình Nhưỡng, đều rất giới hạn. Trong khi hầu hết quốc gia công bố thông tin về việc bổ nhiệm các quan chức quan trọng, như ngoại trưởng, Triều Tiên lại không làm vậy. Các chuyên gia thường phải thông qua truyền thông nhà nước hoặc những nguồn bên ngoài để tìm manh mối.\r\n\r\nNhiều người muốn du lịch Triều Tiên vì muốn hiểu thêm về đất nước này. Tuy nhiên, khi du lịch ở Triều Tiên, du khách cũng phải tuân thủ những quy định rất nghiêm ngặt như phải có hướng dẫn viên đi cùng, không được quay phim, chụp ảnh ở một số khu vực.',NULL),(5,46,5,'Mugunghwa là tên gọi quốc hoa của nước Đông Á nào?','Triều Tiên','Hàn Quốc','Cả Triều Tiên và Hàn Quốc',NULL,'B',11,6,2,0,'Hàn Quốc, tên đầy đủ là Đại Hàn Dân Quốc, là quốc gia thuộc Đông Á, nằm ở nửa phía nam của bán đảo Triều Tiên, phía bắc giáp với Triều Tiên, phần còn lại giáp biển. Thủ đô là Seoul, diện tích quốc gia khoảng 100.000 km2, dân số hơn 51,2 triệu, theo Worldometer.\r\n\r\nHoa Mugunghwa là quốc hoa của Hàn Quốc. Từ thời cổ đại, loài hoa thuộc họ hoa hồng Sharon, có tên khoa học Hibiscus syriacus đã biểu tượng cho tính cách của người Hàn Quốc. Sức chịu đựng dẻo dai của loài hoa tượng trưng cho sinh lực mạnh mẽ. Sự tiếp nối của những bông hoa rụng rồi lại mọc là biểu tượng của tinh thần bất khuất.\r\n\r\nHoa Mugunghwa thường nở vào tháng 7-9 hàng năm, cánh và quả có thể dùng làm thuôc trong Đông y hoặc pha trà uống.','https://i1-vnexpress.vnecdn.net/2020/02/10/hoa-Han-Quoc-9442-1581333863.jpg?w=680&h=0&q=100&dpr=1&fit=crop&s=7gMJJSggOx39lC3QAvUK6w'),(6,47,1,'Đấu trường La Mã là công trình nổi tiếng của quốc gia nào?','Hy Lạp','Italy','Phần Lan',NULL,'B',0,2,0,0,'Đấu trường La Mã, còn được gọi là Colosseum, nằm tại thành phố Rome, Italy. Colosseum được xây dựng vào năm 70-72 sau Công nguyên theo ý tưởng của Hoàng Đế Vespasian, hoàn thành năm 80. Được đặt trên vùng đất lầy nằm giữa đồi Esquiline và Caelian, Colosseum là đấu trường cố định đầu tiên được xây dựng ở Rome.\r\n\r\nTheo Greatbuildings, đấu trường có hình elip, chu vi 545 m, chiều cao 48,5 m, tương đương một tòa nhà 12-15 tầng. Colosseum có thể chứa khoảng 50.000 người, sau được mở rộng đến 80.000 người với 80 lối ra vào. \r\n\r\nTravelandleisure thông tin , người cổ đại đã dùng 100.000 m3 đá hoa cương, dùng mối nối bằng sắt để xây dựng đấu trường, nặng tổng cộng 300 tấn. Colosseum được dùng làm nơi thi đấu của các võ sĩ và động vật hoang dã. \r\n\r\nNgày nay, bên cạnh Tháp nghiên Pisa, Colosseum trở thành điểm hấp dẫn của du khách mỗi khi đặt chân đến Rome, Italy.','https://i-vnexpress.vnecdn.net/2020/05/12/shutterstock-147643964-8505-1589257172.jpg'),(7,47,2,'Bức tượng Nàng tiên cá được đặt tại đâu?','Mỹ','Canada','Đan Mạch',NULL,'C',0,1,1,0,'Theo trang Visit Copenhagen, bức tượng Nàng tiên cá cao 1,25 m, nặng 175 kg. Tượng được làm bằng đồng, mô tả lại nhân vật nổi tiếng cùng tên trong câu chuyện cổ tích của nhà văn Đan Mạch nổi tiếng - Hans Christian Andersen. \r\n\r\nĐược khánh thành vào ngày 23/8/1913, bức tượng là món quà của Carl Jacobsen (con trai người sáng lập ra hãng bia Carlsberg trứ danh) dành tặng thành phố Copenhagen, Đan Mạch sau khi xem vở biểu diễn ballet “Nàng tiên cá”. Kể từ khi có bức tượng, mỗi năm Copenhagen đều “tổ chức” sinh nhật cho nàng, thu hút hàng nghìn du khách.\r\n\r\nBức tượng nhiều lần bị phá hoại như bị đánh cắp vào năm 1964 và 1998, bị cắt cánh tay năm 1984. Năm 2017, bức tượng này đã bị sơn màu đỏ nhằm phản đối hoạt động đánh bắt cá voi tại Đan Mạch. Đất nước này coi đây là một vụ phá hoại và nhanh chóng lau dọn, làm sạch tượng. \r\n\r\nNgày nay, bức tượng Nàng tiên cá là một trong những điểm tham quan du lịch hấp dẫn, trở thành biểu tượng cho cả thủ đô Copenhagen và đất nước Đan Mạch.','https://i-vnexpress.vnecdn.net/2020/05/12/shutterstock-622550663-9690-1589257532.jpg'),(8,47,3,'Chùa nào là biểu tượng của Myanmar?','Shwedagon','Wat Phnom','That Luang',NULL,'A',0,1,1,0,'Chùa Shwedagon ở Yangon, Myanmar được xây dựng trên ngọn đồi thiêng Singuttara, diện tích gần 50.000 m2. Đây là công trình Phật giáo linh thiêng bậc nhất ở Myanmar.\r\n\r\nTheo truyền thuyết của người Myanmar, chùa Shwedagon có hơn 2.500 năm lịch sử. Tuy nhiên, các nhà khảo cổ ước tính công trình bắt đầu xây dựng từ thế kỷ 6. Trải qua nhiều lần trùng tu, chùa hiện có 4 tòa tháp chính ở trung tâm và 64 tòa tháp nhỏ bao quanh, tất cả đều dát vàng. Ước tính người Myanmar đã sử dụng 72 tấn vàng cùng hàng nghìn viên kim cương, đá quý để xây dựng kiệt tác này.\r\n\r\nCác nhà sư, gia đình và tín đồ đạo Phật coi việc hành hương tới chùa Shwedagon cũng giống như người theo đạo Hồi phải tới thánh địa Mecca một lần trong đời. Chùa Shwedagon cũng là nơi diễn ra nhiều nghi lễ Phật giáo quan trọng. Một trong số đó là lễ xuất gia (Shin Pyu hoặc Noviciation Ceremony) - nghi lễ quan trọng nhất trong đời người Myanmar.\r\n\r\nNgày nay chùa Shwedagon không chỉ là công trình tôn giáo linh thiêng mà còn là biểu tượng du lịch của Myanmar.','https://i-vnexpress.vnecdn.net/2020/05/12/shutterstock-281544647-5902-1589257852.jpg'),(9,47,4,'Burj Khalifa là tòa tháp nổi tiếng của quốc gia nào?','Saudi Arabia','Các tiểu vương quốc Ả Rập thống nhất UAE','Qatar',NULL,'B',0,2,0,0,'Kỷ lục thế giới Guinness ghi nhận Burj Khalifa ở Dubai (Các tiểu vương quốc Ả Rập thống nhất) là tòa tháp cao nhất thế giới với 828 m. Tòa nhà có thang máy cao nhất (504 m), nhiều tầng nhất (163 tầng) và có nhà hàng cao nhất tính từ mặt đất (ở độ cao 441,3 m).\r\n\r\nTòa tháp Buji Khalifa được xây dựng từ tháng 9/2004, khai trương vào tháng 1/2010 với tổng kinh phí 1,69 tỷ USD. Nó được thiết kế bởi kiến trúc sư Adrian Smith đến từ Chicago (Mỹ) và cần tới 12.000 nhân công trong suốt quá trình xây dựng. Dưới chân tháp là khu trung tâm Downtown Burj Dubai rộng hơn 200 ha, với hàng chục nghìn ngôi nhà, khách sạn, công viên, khu mua sắm và hồ nước.\r\n\r\nLấy cảm hứng từ những bông hoa ba cánh của sa mạc, tòa nhà khi hoàn thành lại có hình dáng như cây kim nhọn hoắt và được ví như \"thành phố thẳng đứng\".\r\n\r\nĐang giữ kỷ lục tòa tháp cao nhất thế giới nhưng Buji Khalifa sẽ sớm bị soán ngôi. Tháp Jeddah được xây dựng ở Arab Saudi dự kiến hoàn thành vào năm 2020 sẽ giành kỷ lục này với chiều cao 1.000 m (252 tầng).','https://i-vnexpress.vnecdn.net/2020/05/12/shutterstock-779374966-6515-1589258289.jpg'),(10,47,5,'Nhà thờ thánh Basil là công trình của nước nào?','Pháp','Nga','Malaysia',NULL,'B',0,1,1,0,'Nằm trên Quảng trường Đỏ tại thủ đô Moscow, Nga, nhà thờ thánh Basil được coi là một trong những công trình đẹp nhất của kiến trúc nhà thờ tại Nga. Năm 1555, để kỷ niệm chiến thắng ở Kazan và Astrakhan, Ivan Bạo chúa - Sa hoàng đầu tiên của Nga đã ra lệnh cho kiến trúc sư Postnik Yakovlev xây dựng nhà thờ thật tráng lệ và hoàn thành 5 năm sau đó. \r\n\r\nNhà thờ cao 81 m, từng là công trình cao nhất tại Moscow cho đến khi Tháp chuông Ivan Đại đế hoàn thành năm 1600. Theo truyền thuyết, Sa hoàng Ivan đã cho chọc mù mắt kiến trúc sư Postnik Yakovlev để ông không thể tạo thêm ra một công trình khác tuyệt vời như Nhà thờ thánh Basil.\r\n\r\nBan đầu, nhà thờ chỉ có 8 tòa tháp, mỗi tòa tượng trưng cho một cuộc tấn công vào Kazan. Tuy nhiên, đến năm 1588, tòa tháp thứ 9 được xây dựng với mục đích lưu giữ hài cốt vị linh mục Chính thống giáo người Nga Basil. Từ đó, nhà thờ được gọi là nhà thờ Thánh Basil.\r\n\r\nNăm 1990, nhà thờ chính thức trở thành một phần di sản văn hóa thế giới cùng điện Kremlin và Quảng trường Đỏ do UNESCO công nhận. Ngày nay, vào những dịp lễ lớn, đây là nơi cử hành thánh lễ cho công chúng tham gia.','https://i-vnexpress.vnecdn.net/2020/05/12/shutterstock-621964232-4456-1589258604.jpg');
/*!40000 ALTER TABLE `multiple_choice` ENABLE KEYS */;
UNLOCK TABLES;

--
-- Table structure for table `news`
--

DROP TABLE IF EXISTS `news`;
/*!40101 SET @saved_cs_client     = @@character_set_client */;
 SET character_set_client = utf8mb4 ;
CREATE TABLE `news` (
  `id_news` int(11) NOT NULL AUTO_INCREMENT,
  `id_branch_category` int(11) NOT NULL,
  `title` longtext,
  `context` longtext,
  `id_journalist` int(11) DEFAULT NULL,
  `id_admin` int(11) DEFAULT NULL,
  `status` tinyint(4) DEFAULT NULL,
  `publish_date` datetime DEFAULT NULL,
  `latest_update` datetime DEFAULT NULL,
  `id_typeofnews` int(11) NOT NULL,
  `views` int(11) DEFAULT '0',
  `multimedia` longtext,
  `describ_multimedia` longtext,
  `id_gocnhin` int(11) DEFAULT NULL,
  PRIMARY KEY (`id_news`),
  KEY `id_branch_category` (`id_branch_category`),
  KEY `id_typeofnews` (`id_typeofnews`),
  KEY `news_ibfk_4` (`id_admin`),
  KEY `news_ibfk_3` (`id_journalist`),
  KEY `id_gocnhin` (`id_gocnhin`),
  CONSTRAINT `news_ibfk_1` FOREIGN KEY (`id_branch_category`) REFERENCES `branch_category` (`id_branch_category`),
  CONSTRAINT `news_ibfk_3` FOREIGN KEY (`id_journalist`) REFERENCES `users` (`id_user`),
  CONSTRAINT `news_ibfk_4` FOREIGN KEY (`id_admin`) REFERENCES `users` (`id_user`),
  CONSTRAINT `news_ibfk_5` FOREIGN KEY (`id_typeofnews`) REFERENCES `typeofnews` (`id_typeofnews`),
  CONSTRAINT `news_ibfk_6` FOREIGN KEY (`id_gocnhin`) REFERENCES `gocnhin` (`id_gocnhin`)
) ENGINE=InnoDB AUTO_INCREMENT=70 DEFAULT CHARSET=utf8mb4 COLLATE=utf8mb4_0900_ai_ci;
/*!40101 SET character_set_client = @saved_cs_client */;

--
-- Dumping data for table `news`
--

LOCK TABLES `news` WRITE;
/*!40000 ALTER TABLE `news` DISABLE KEYS */;
INSERT INTO `news` VALUES (1,4,'Covid-19 \'xóa sổ\' một thế hệ ở Italy','Các nghĩa trang khắp Italy san sát mộ mới đào, đa phần người chết là bệnh nhân Covid-19 lớn tuổi trong viện dưỡng lão.\r\n\r\nTại lô đất 87 nằm trong góc nghĩa trang ở Milan, Italy, tổng cộng 120 ngôi mộ vừa xuất hiện. Mỗi ngôi mộ được đánh dấu đơn giản bằng cây thánh giá nhựa màu trắng.\r\n\r\nTrên mỗi thánh giá dán mảnh giấy đề họ, đôi khi kèm cả chữ cái đầu, đôi khi là tên riêng. Không ghi ngày sinh, không ghi ngày mất. Công nhân nghĩa trang đặt lên mỗi ngôi mộ một bông hoa nhựa.\r\n\r\nĐây là nơi yên nghỉ của những người chết trong cuộc chiến chống Covid-19 ở Milan, nhưng thi thể chưa được người thân đến nhận. \r\n\r\n***<paragraph/>***\r\nMột quan chức giấu tên ở nghĩa trang cho hay đa số người chết được chôn cất ở đây là người già, từng ở viện dưỡng lão. Nhiều người không có gia đình, một số không có thân nhân tới nhận xác do lệnh phong tỏa.\r\n\r\nTrong tình trạng nhà xác luôn quá tải, ngày càng nhiều người chết mỗi ngày ở thời kỳ đỉnh dịch, các nhà chức trách tại Milan, điểm nóng nCoV của Italy, không còn lựa chọn nào khác ngoài chôn cất những xác chưa có người thân đến nhận. Sau dịch, nếu có người đến nhận xác, hài cốt sẽ được khai quật và cải táng.\r\n\r\nCarla Porfirio từng tuyệt vọng muốn ở bên mẹ trong phút cụ lâm chung. Trước khi Covid-19 bùng phát, ngày nào bà cũng tới viện dưỡng lão Palazzolo-Doin Gnocchi ở Milan để thăm cụ Michela, 85 tuổi, mắc bệnh Alzheimer.\r\n\r\nKhi viện dưỡng lão bất ngờ ngăn người nhà tới thăm thân nhân do nCoV bùng phát, Porfirio cho hay bà luôn gọi điện hàng ngày để hỏi thăm mẹ. Ngày nào nhân viên cũng đảm bảo cụ Michela vẫn mạnh khỏe.\r\n\r\nBà rất lo ngại khi không được thông báo lúc cụ Michela bắt đầu có biểu hiện không khỏe. Khi gọi điện hôm 5/4, bà được thông báo cụ Michela đang phải thở oxy và dùng moóc-phin. Ngày hôm sau, cụ qua đời.\r\n\r\n\"Điều gì tồi tệ nhất với chúng ta, những người mất đi người thân\", Porfirio vừa nói vừa khóc nức nở. \"Đó là chúng ta không thể ở bên họ trong những ngày cuối đời đau đớn. Khi đó họ rất cần bàn tay của người thân\".\r\n\r\nỞ thời điểm đỉnh dịch xuất hiện ở miền bắc Italy, chính quyền vùng Lombardy đã yêu cầu viện dưỡng lão nhường phòng cho những bệnh nhân Covid-19 không nguy kịch nhằm giảm gánh nặng cho bệnh viện.\r\n\r\nPorifirio cho hay viện dưỡng lão Palazzolo-Don Gnocchi đã đưa một bệnh nhân vào cùng phòng với mẹ bà và hai phụ nữ lớn tuổi khác. Khi bà phản đối, nhân viên y tế nói không còn lựa chọn nào khác vì họ đã hết chỗ.\r\n\r\nViện Palazzolo-Don Gnocchi cho biết từ khi phát hiện ca nhiễm đầu tiên trong viện, họ đã lập tức cách ly, khoanh vùng, xét nghiệm những ca có nguy cơ lây nhiễm. Mọi ca dương tính Covid-19 đều được xử lý theo quy trình do chính quyền hướng dẫn và phối hợp với các nhà chức trách.\r\n\r\nViện không hồi đáp bình luận của Porfirio về việc chăm sóc cụ Michela.\r\n\r\nChính quyền Italy đang điều tra hàng loạt sai phạm y tế tại các cơ sở dưỡng lão trên toàn quốc trong khủng hoảng Covid-19. Viện Palazzolo-Don Gnocchi tin rằng cuộc điều tra sẽ chứng minh họ đã làm đúng.\r\n\r\nChính quyền vùng Lombardy cho hay họ không trả lời phỏng vấn về \"vấn đề viện dưỡng lão\" do cuộc điều tra đang tiến hành. \r\n\r\nÍt nhất 15 cơ sở dưỡng lão đã bị đóng cửa, bệnh nhân được chuyển tới nơi khác sau khi lực lượng cảnh sát y tế Italy (NAS) phát hiện nhiều cơ sở không tuân thủ quy trình phòng chống dịch, như cung cấp đầy đủ thiết bị bảo hộ cho nhân viên và sắp xếp khu vực cách ly chuyên biệt cho bệnh nhân nghi nhiễm nCoV.\r\n\r\n61 người đang bị điều tra. 157 người đã bị phạt tổng cộng hơn 78.500 USD.\r\n\r\nGiống nhiều người mất thân nhân trong viện dưỡng lão vì nCoV, bà Porfirio rất phẫn nộ.\r\n\r\n\"Không thể chấp nhận nổi\", bà nói. \"Chúng ta đang ở năm 2020 mà chuyện này vẫn xảy ra. Những hình ảnh này giống hệt dịch cúm Tây Ban Nha 100 năm trước. Vậy mà chúng ta đang trong tình hình tương tự?\"\r\n\r\nCách đây không lâu, Alessandro Azzoni cho hay cụ Marisa, 75 tuổi, mẹ ông, vẫn khỏe mạnh và nhanh nhẹn dù mắc bệnh Alzheimer. Ông thường xuyên đưa cụ đi dạo, đi ăn kem, khiêu vũ trong công viên.\r\n\r\nVậy mà bây giờ cụ Marisa đang trong tình trạng nguy kịch, phải dùng máy thở trong một bệnh viện ở Milan sau khi chuyển vào từ viện dưỡng lão Pio Albergo Trivulzio.\r\n\r\nViện này cũng tiếp nhận bệnh nhân Covid-19. Azzoni trình bày sơ đồ viện dưỡng lão trên điện thoại di động, dựa trên thông tin từ các y bác sĩ làm việc tại nhà. Phần lớn sơ đồ hiển thị màu đỏ, cho thấy khu vực nội trú của bệnh nhân Covid-19.\r\n\r\nMột số nhân viên và thân nhân người bệnh đã kiện viện dưỡng lão Pio Albergo Trivulzio có hành vi \"ngộ sát\", cho rằng họ đã không bảo vệ được người già trong viện cũng như nhân viên y tế. \r\n\r\nMauro Clerici, công tố viên thành phố Milan, tháng trước cho biết ông đang xem xét cái chết của hơn 100 người tại viện dưỡng lão trong thời kỳ Covid-19. Clerici cho hay cuộc điều tra sẽ tập trung vào \"những tội có thể xảy ra theo luật pháp hiện hành về Covid-19\". Chưa ai bị bắt cũng như bị truy tố.\r\n\r\nTháng trước, một phát ngôn viên của viện cho hay cơ sở này đã \"tuân thủ các quy định đeo khẩu trang\", nói thêm số người chết trong quý I năm nay tương tự cùng kỳ năm ngoái.\r\n\r\nAzzoni, người thành lập một nhóm yêu cầu điều tra hình sự về những gì đã xảy ra tại Pio Albergo Trivulzio, đã gọi đây là vụ \"thảm sát\". Điều tra là \"cơ hội cho chúng tôi thay đổi mọi thứ, đưa con người trở lại trọng tâm\", ông nói.\r\n\r\n***<paragraph/>***\r\nVùng Lombardy chiếm một nửa trong số 32.169 ca tử vong vì Covid-19 của Italy. Một trong những cộng đồng bị ảnh hưởng nặng nhất ở Lombardy là thị trấn Nembro, nằm ở chân núi Alps. \r\n\r\nTrong số 87 người sống tại viện dưỡng lão Nembro, 34 người chết vì nCoV. \r\n\r\nGiacomo Boffelli, 84 tuổi, qua đời hôm 11/3. Bạn bè và gia đình cụ cuối cùng cũng có thể nói lời tiễn biệt vào hai tháng sau, trong một lễ tang đơn sơ gần lối ra vào nghĩa trang thành phố.\r\n\r\n\"Chúng con không bao giờ bỏ rơi bố. Chúng con sẽ không bao giờ, bởi bố luôn ở trong tim chúng con\", con gái cụ, bà Nicoletta, đọc điếu văn.\r\n\r\nTrong lúc đó, vợ cụ là Margherita, chỉ ngồi đó và lắng nghe, chiếc khẩu trang che kín mũi và miệng đẫm nước mắt.\r\n\r\nSau buổi lễ, tro cốt cụ Giacomo đặt trong khu mộ gia đình. \"Người phụ nữ làm việc ở đây bảo tôi trước đây cả khu này đều trống rỗng, giờ nó đã hết đất\".\r\n\r\nNhững bức ảnh mới đánh dấu các ngôi mộ mới. Phu đào mộ và nhân viên nhà tang lễ là những người bận rộn nhất ở Nembro bây giờ.\r\n\r\n\"Cứ như thể một cơn sóng thần đã càn quét, cuốn đi những người già nhất\", Nicoletta nói.\r\n\r\n***<paragraph/>***\r\nMùa xuân đang đến Lombardy. Tại các thành phố và thị trấn trong vùng, người dân đang mạo hiểm ra ngoài tận hưởng khí trời và tự do sau khi chính phủ dỡ lệnh phong tỏa. \r\n\r\nTuy nhiên, không giống những nơi khác ở Italy có số lượng ca nCoV ít hơn, không khí phiền muộn vẫn lơ lửng ở Lombardy.\r\n\r\n\"Buồn quá. Mỗi lần mở trang cáo phó, tôi lại thấy rất nhiều người quen đã chết. Cả một thế hệ đang bị xóa sổ\", Beppe Severgnini, phụ trách chuyên mục của tờ Corriere della Sera, người sống tại thị trấn bị ảnh hưởng nặng là Crema, giải thích.\r\n\r\nCovid-19 xuất hiện ở 212 quốc gia và vùng lãnh thổ, khiến gần 5 triệu người nhiễm và 327.000 người chết. Italy báo cáo 227.000 ca nhiễm và hơn 32.000 ca tử vong.',1,2,1,'2020-05-21 23:31:00','2020-08-11 15:59:07',1,0,'https://i1-vnexpress.vnecdn.net/2020/05/21/200517151553-italy-nursing-hom-9646-7475-1590052921.jpg?w=1020&h=0&q=100&dpr=1&fit=crop&s=j3CfTX9iSNuP73itoHjPlg***<paragraph/>***https://i1-vnexpress.vnecdn.net/2020/05/21/200517151557-italy-nursing-hom-6157-2905-1590052921.jpg?w=1020&h=0&q=100&dpr=1&fit=crop&s=9GEg8U9dLvPIZYinIH2LnQ***<paragraph/>***https://i1-vnexpress.vnecdn.net/2020/05/21/200517154528-italy-nursing-hom-4015-8210-1590052922.jpg?w=1020&h=0&q=100&dpr=1&fit=crop&s=JL7f-aVCL1V1bLkSwhSyhQ','Lô 87 trong nghĩa trang thành phố Milan, nơi chôn người chết chưa có thân nhân tới nhận xác. Ảnh: CNN.\r\n***<paragraph/>***\r\nViện dưỡng lão Nembro. Ảnh: CNN.\r\n***<paragraph/>***\r\nNhững ngôi mộ mới trong nghĩa trang Nembro. Ảnh: CNN.',NULL),(2,88,'iPhone 12 sẽ có màn hình 5,4 inch','Hệ điều hành iOS 14 beta 3 vừa ra mắt của Apple hé lộ iPhone mới có màn hình 5,4 inch qua tính năng Display Zoom.\r\n\r\nDisplay Zoom là tính năng có mặt trên iOS kể từ iPhone 6 (2014), cho phép người dùng tùy chỉnh văn bản, nút và biểu tượng trên giao diện iPhone lớn hơn.\r\n\r\nCụ thể, Display Zoom hoạt động bằng cách giả lập smartphone có màn hình nhỏ hơn so với hiện tại. Chẳng hạn, nếu iPhone màn hình 5,5 inch, chế độ Display Zoom cho phép sử dụng máy như một thiết bị 4,7 inch; còn nếu smartphone 4,7 inch, tùy chọn này sẽ mang lại giao diện của một iPhone 4 inch.\r\n\r\n***<paragraph/>***\r\nTuy nhiên, Apple chưa bao giờ phát triển Display Zoom cho iPhone X, cũng như không còn đưa tính năng này lên iOS cho các smartphone có màn hình thấp hơn 5,8 inch thời gian gần đây. Đối với thiết bị lớn hơn, như iPhone XS Max, iPhone 11 Pro Max, Apple sẽ thay thế bằng tính năng khác có tên Zoomed Mode, cho phép người dùng chuyển nhanh từ chế độ xem 6,5 inch thông thường sang 5,8 inch. iPhone XR và iPhone 11 cũng có tính năng này, nhưng độ phân giải thấp hơn.\r\n\r\nTrên phiên bản iOS 14 beta 3, 9to5mac phát hiện Display Zoom đã trở lại, lần đầu tiên áp dụng cho hầu hết iPhone, có cả iPhone X, iPhone XS và iPhone 11 Pro - những thiết bị có màn hình 5,8 inch. Điều này khiến các chuyên gia tò mò và điều tra về sự thay đổi.\r\n\r\nCụ thể, bằng Trình mô phỏng iOS trên máy Mac, 9to5mac nhận thấy iOS mới chạy ở độ phân giải 2.079 x 960 pixel và hiển thị chính xác giao diện hệ thống. Tỷ lệ trên màn hình mới tương tự iPhone X, nhưng có độ phân giải thấp hơn mức 2.436 x 1.125 pixel của smartphone này.\r\n\r\n\"Chúng tôi tin rằng giao diện này đang được chuẩn bị cho chiếc iPhone 12 với kích thước nhỏ hơn, màn hình 5,4 inch\", đại diện 9to5mac nói\". \"Trình mô phỏng iOS đã sập khi chúng tôi cố chạy với độ phân giải khác. Điều này củng cố niềm tin về một smartphone cỡ nhỏ của Apple\".\r\n\r\nCũng theo các chuyên gia, với độ phân giải 960 x 2.079 pixel kết hợp với màn hình 5,4 inch, iPhone mới sẽ cho khả năng hiển thị sắc nét hơn so với các model chạy LCD nhờ mật độ điểm ảnh cao hơn.\r\n\r\nApple đang bán hai mẫu iPhone có kích thước trên 5 inch dùng màn LCD là iPhone XR (326 ppi) và iPhone 11 (425 ppi).\r\n\r\nApple dự kiến trình làng bốn iPhone mới vào mùa thu năm nay. Ngoài model iPhone 12 nhỏ nhất, hãng điện tử Mỹ có thể cho ra iPhone 12 Max, iPhone 12 Pro (cùng 6,1 inch nhưng khác thông số cấu hình) và iPhone 12 Pro Max cao cấp nhất. Cả bốn sẽ dùng tấm nền OLED, chạy chip Apple A14 Bionic, nâng cấp camera, dung lượng pin... nhưng có thể không bán kèm củ sạc và tai nghe.',1,2,1,'2020-07-25 00:00:00','2020-08-12 05:12:54',1,0,'https://i1-sohoa.vnecdn.net/2020/07/24/iPhone-12-5-4-inch-UI-7167-1595577451.png?w=1020&h=0&q=100&dpr=1&fit=crop&s=LAwMbGpInFU76gBoc4MVuA','iPhone 12 với màn hình 5,4 inch sẽ là một trong bốn iPhone sắp ra mắt. Ảnh: 9to5mac.',NULL),(3,114,'Australia bác toàn bộ yêu sách của Trung Quốc ở Biển Đông','Australia đệ công hàm lên LHQ, tuyên bố các yêu sách của Trung Quốc ở Biển Đông \"không có giá trị và không phù hợp Công ước Liên Hợp Quốc về Luật Biển\".\r\n\r\n***<paragraph/>***\r\nTrong công hàm đệ trình Liên Hợp Quốc ngày 23/7, Australia khẳng định \"không có cơ sở pháp lý đối với các yêu sách của Trung Quốc về lãnh thổ và hàng hải ở Biển Đông\", đánh dấu leo thang căng thẳng giữa Bắc Kinh và Canberra.\r\n\r\n\"Australia bác bỏ các yêu sách của Trung Quốc đối với \'quyền lịch sử\', \'các quyền và lợi ích hàng hải\' được thiết lập trong \'quá trình thực hiện lịch sử lâu dài\' ở Biển Đông\", tuyên bố viết.\r\n\r\nCông hàm nhấn mạnh Toà Trọng tài Thường trực năm 2016 đã ra phán quyết rằng các tuyên bố của Trung Quốc không phù hợp với Công ước Liên Hợp Quốc về Luật Biển (UNCLOS), và vì sự không nhất quán đó, nên không có giá trị.\r\n\r\n\"Không có cơ sở pháp lý nào để Trung Quốc vẽ các đường cơ sở thẳng nối các điểm ngoài cùng của các thực thể hàng hải hoặc \'nhóm đảo\' trên Biển Đông, gồm cả \'Tứ Sa\', \'lục địa\' hay các quần đảo \'ngoại vi\'\", công hàm viết. \"Australia bác bỏ mọi yêu sách đối với vùng biển nội địa, lãnh hải, vùng đặc quyền kinh tế và thềm lục địa dựa trên những đường cơ sở thẳng như vậy\".\r\n\r\n\"Australia cũng bác bỏ những yêu sách của Trung Quốc với các khu vực hàng hải được tạo ra bởi các thực thể ngập nước hoặc nền đất cao lúc chìm lúc nổi theo cách không phù hợp với UNCLOS. Các hoạt động xây dựng hoặc các hình thức chuyển đổi nhân tạo khác không thể thay đổi việc phân loại một thực thể theo UNCLOS ... Chính phủ Australia không chấp nhận rằng việc các thực thể được biến đổi nhân tạo có thể có được trạng thái của một hòn đảo\".\r\n\r\nTuyên bố được Australia đưa ra 10 ngày sau khi Mỹ ra tuyên bố bác bỏ hầu hết các yêu sách Biển Đông của Trung Quốc, cáo buộc Bắc Kinh dùng chính sách \"bắt nạt\", \"phi pháp\" để kiểm soát vùng biển. Ngoại trưởng Australia Marise Payne, Bộ trưởng Quốc phòng Linda Reynolds dự kiến tới Washington tuần tới để gặp người đồng cấp Mỹ Ngoại trưởng Mike Pompeo và Bộ trưởng Quốc phòng Mark Esper, dự Tham vấn Bộ trưởng Australia - Mỹ 2020 (Ausmin).\r\n\r\nTuyên bố của Australia cũng đề cập đến những phản đối và khiếu nại của Philippines, Việt Nam và Malaysia, liên quan đến các hoạt động của Bắc Kinh tại Biển Đông, và bác bỏ tính hợp lệ của \"các hoạt động cải tạo đất\" nhằm tạo ra các đảo nhân tạo.\r\n\r\nSau khi hoàn thành bồi đắp, xây dựng một loạt đảo nhân tạo trái phép ở Biển Đông, Trung Quốc gần đây thực hiện một loạt hoạt động gây hấn khác trong bối cảnh các nước tập trung đối phó với Covid-19. Bắc Kinh điều tàu khảo sát địa chất Hải Dương 8 đi vào vùng đặc quyền kinh tế của Việt Nam, sau đó bám theo tàu khoan của Malaysia. Tàu hải cảnh Trung Quốc cũng đâm chìm tàu cá của ngư dân Việt Nam. Bắc Kinh còn đơn phương tuyên bố thành lập các đơn vị hành chính ở Biển Đông, đặt tên cho các thực thể và cấm đánh bắt cá.\r\n\r\nNgoại trưởng Australia Payne và Bộ trưởng Quốc phòng Reynolds ngày 25/7 cho hay cuộc thảo luận tại Ausmin 2020 sẽ tập trung vào những nỗ lực chung nhằm hướng tới một khu vực Ấn Độ - Thái Bình Dương \"ổn định, kiên cường, cởi mở, an toàn và thịnh vượng\", đặc biệt trong bối cảnh ảnh hưởng của Covid-19.\r\n\r\nBáo Australia cùng ngày dẫn ý kiến của các bộ trưởng, thống nhất rằng \"các động thái trên Biển Đông, như leo thang tranh chấp và quân sự hoá tranh chấp, tiếp tục tạo ra căng thẳng, gây bất ổn cho khu vực\".\r\n\r\nCăng thẳng giữa Australia và Trung Quốc leo thang từ đầu năm, khi Canberra kêu gọi một cuộc điều tra quốc tế về nguồn gốc và cách lây lan của nCoV. Bộ trưởng Thương mại Australia Simon Birmingham nói rằng người đồng cấp Trung Quốc không trả lời các cuộc gọi của ông hồi đầu tháng 5.\r\n\r\nBắc Kinh phản đối và \"mỉa mai\" Canberra về kêu gọi điều tra Covid-19, đồng thời đưa ra cảnh báo cho công dân, sinh viên Trung Quốc tại Australia vì \"lo ngại phân biệt chủng tộc\". Trung Quốc tháng 5 cũng áp thuế chống bán phá giá và chống trợ cấp tới 80,5% với lúa mạch nhập khẩu từ Australia cũng như cấm cửa 4 nhà sản xuất thịt bò lớn của nước này với lý do không đáp ứng yêu cầu nhãn mác và chứng nhận nhập khẩu trong thời gian dài.\r\n\r\nCăng thẳng khiến các lãnh đạo doanh nghiệp Australia lo lắng có thể gây thiệt hại cho hoạt động xuất khẩu sang Trung Quốc, kêu gọi tách bạch giữa quan hệ đối ngoại và thương mại song phương.',1,2,1,'2020-07-25 09:09:00','2020-08-12 05:01:32',1,0,'https://i1-vnexpress.vnecdn.net/2020/07/25/5563184757a-My-Nhat-Ban-Austra-7803-6262-1595642858.jpg?w=1020&h=0&q=100&dpr=1&fit=crop&s=9ri4TM44gytSYjqg95WyGA','Chiến hạm Australia, Mỹ và Nhật Bản diễn tập tại Biển Philippines, ngày 21/7. Ảnh:US Navy.',NULL),(4,25,'Giá vàng thế giới vượt 1.900 USD lần đầu sau 9 năm','Căng thẳng Mỹ - Trung Quốc có lúc đẩy giá kim loại quý hôm qua lên 1.905 USD một ounce, cao nhất kể từ tháng 9/2011.\r\n\r\nChốt phiên 24/7, mỗi ounce vàng giao ngay tăng hơn 14 USD lên 1.901 USD. Đây là lần đầu tiên kể từ năm 2011 giá vượt mốc này. Trong phiên, vàng có thời điểm chạm 1.905 USD – cao nhất kể từ tháng 9/2011.\r\n\r\nTuần này, giá đã tăng 5% - mạnh nhất kể từ cuối tháng 3. Giá vàng tương lai hôm qua cũng chạm 1.900 USD một ounce.\r\n\r\n***<paragraph/>***\r\nVàng là công cụ được ưa chuộng trong bối cảnh bất ổn kinh tế và xã hội. Nhu cầu vàng lên cao do quan hệ Mỹ - Trung Quốc xấu đi trong bối cảnh kinh tế toàn cầu vốn đang chịu thiệt hại từ đại dịch. \"Lo ngại về việc kinh tế toàn cầu càng chậm lại do căng thẳng Mỹ - Trung leo thang có thể khiến các chính sách nới lỏng tiền tệ của chính phủ kéo dài\", Tai Wong – Giám đốc Giao dịch kim loại quý phái sinh tại BMO cho biết.\r\n\r\nHôm qua, Trung Quốc đề nghị Mỹ đóng cửa lãnh sự quán tại Thành Đô, để trả đũa việc Mỹ có yêu cầu tương tự với lãnh sự quán Trung Quốc ở Houston. Việc này khiến nhà đầu tư lo ngại rủi ro và đẩy giá đôla Mỹ xuống thấp.\r\n\r\nMột nguyên nhân khác kéo vàng lên cao là số ca mắc Covid-19 mới vẫn tăng mạnh. Mỹ đến nay đã ghi nhận hơn 4 triệu ca và toàn cầu là 15,58 triệu ca. Từ đầu năm, vàng đã tăng giá 25%, do lãi suất toàn cầu thấp và các ngân hàng trung ương nới lỏng tiền tệ.\r\n\r\n\"Điều duy nhất tôi thấy có thể chặn lại đà tăng của vàng là tốc độ phát triển vaccine. Vì cho đến lúc đó, thị trường vẫn sẽ bất ổn\", Rhona O’Connell – nhà phân tích tại StoneX cho biết.',1,2,1,'2020-07-25 07:37:00','2020-08-12 05:02:50',1,0,'https://i1-kinhdoanh.vnecdn.net/2020/07/25/gold-kitco-4137-1595637343.jpg?w=1020&h=0&q=100&dpr=1&fit=crop&s=_PCn7XlSWRk3JR1izjPwkg','Giá vàng liên tục đi lên trong vài phiên qua.',NULL),(5,63,'Một thủy thủ nhập cảnh Quảng Ninh nhiễm nCoV','Bộ Y tế chiều 24/7 ghi nhận thêm một ca nhiễm nCoV, là thủy thủ người Myanmar nhập cảnh Quảng Ninh và được cách ly ngay.\r\n\r\n\"Bệnh nhân 413\", nam, 31 tuổi, thủy thủ tàu IPANEMA, xuất cảnh Nhật Bản ngày 16/6, nhập cảnh cảng Hòn Gai ngày 23/6. Người này được cách ly tại tàu, không lên đất liền ngay sau khi nhập cảnh, đến ngày 6/7 được đưa vào tiếp tục cách ly tại khách sạn Vân Long, tỉnh Quảng Ninh.\r\n\r\nNgày 9/7, người này được lấy mẫu xét nghiệm, kết quả âm tính với nCoV. Ngày 23/7 lấy mẫu xét nghiệm cho kết quả dương tính. Hiện bệnh nhân đang được cách ly, điều trị tại Bệnh viện Bệnh Nhiệt đới Trung ương cơ sở 2.\r\n\r\nNhư vậy, hôm nay thêm một ca nhiễm. Tổng số ca nhiễm lên 413, trong đó 365 người khỏi. Các bệnh nhân đang điều trị ở các cơ sở y tế, sức khỏe ổn định. Trong số bệnh nhân, bốn người âm tính lần một, 44 người dương tính.\r\n\r\nHơn 10.000 người tiếp xúc gần và nhập cảnh từ vùng dịch được cách ly. Trong đó, cách ly tập trung tại bệnh viện 352 người, tại cơ sở tập trung hơn 9.000, số còn lại tại nhà hoặc nơi lưu trú.\r\n\r\nThế giới ghi nhận hơn 635.000 người chết trong hơn 15,6 triệu ca nhiễm tại 213 quốc gia. Mỹ và Brazil là hai nước có số ca mắc và số tử vong cao nhất thế giới. Tại khu vực Đông Nam Á, Indonesia ghi nhận số mắc và số tử vong cao nhất. Việt Nam chưa ghi nhận ca tử vong do nCoV.\r\n\r\nBộ Y tế vẫn phối hợp với các Bộ Ngoại giao, Công an, Quốc phòng và UBND tỉnh, thành phố hỗ trợ các thủ tục nhập cảnh, cách ly y tế chuyên gia, công dân các nước, công dân Việt Nam nhập cảnh. Theo Bộ ngoại giao, hiện Việt Nam đã tổ chức khoảng 60 chuyến bay, đưa khoảng 15.000 công dân mắc kẹt ở nước ngoài về nước. Một số địa bàn có nhiều ca dương tính như Nga, UAE. Dự kiến thời gian tới sẽ đưa người từ Guinea Xích đạo (vùng Tây Phi) về nước, trên chuyến bay dự kiến có khoảng 130 người mắc bệnh.\r\n\r\nTại cuộc họp ban chỉ đạo chiều nay, quyền Bộ trưởng Y tế Nguyễn Thanh Long cho biết ca nghi nhiễm ở Đà Nẵng hiện chưa đủ cơ sở để khẳng định chắc chắn là có bị nhiễm hay không. Viện Vệ sinh dịch tễ Trung ương tiếp tục xét nghiệm trong đêm nay, dự kiến đến sáng 25/7 sẽ có kết quả khẳng định.\r\n\r\nCác chuyên gia cho rằng thời gian qua việc thực hiện quy định đeo khẩu trang để phòng dịch đã lơi lỏng. Do vậy kể cả trường hợp ca nghi nhiễm ở Đà Nẵng không dương tính, Bộ vẫn khuyến cáo mọi người phải thực hiện nghiêm quy định khẩu trang trên phương tiện giao thông công cộng, nơi đông người.\r\n\r\nVề kiểm soát người nhập cảnh, quyền Bộ trưởng nhấn mạnh, quan điểmlà phải quản lý chặt đường biên giới, song thời gian qua đã xuất hiện đường dây đưa người trái phép nhập cảnh vào Việt Nam. Ban Chỉ đạo đề nghị các địa phương rà soát toàn bộ trường hợp nhập cảnh vào Việt Nam để có biện pháp quản lý chặt chẽ.',1,2,1,'2020-07-24 18:19:00','2020-08-12 05:14:35',1,0,NULL,NULL,NULL),(6,58,'Cách học ngoại ngữ khi sống ở nước ngoài','Thầy giáo tiếng Anh Dominic Simonelli cho rằng cần ghi lại từ vựng hàng ngày, cố gắng nói chuyện với mọi người là cách học ngoại ngữ khi ở nước ngoài.\r\n\r\nDominic Simonelli, giáo viên tiếng Anh, có thể nói được tiếng Italy và Tây Ban Nha. Anh sinh tại Australia và tốt nghiệp ngành Media and Communications tại Italy. Từ kinh nghiệm sống tại Italy, Dominic đưa ra lời khuyên cho việc tiếp tục học ngoại ngữ trong khi sống tại nước ngoài.\r\n\r\nSống hoặc học tập ở nước ngoài là ước mơ của nhiều người, dù điều này không hề dễ dàng. Tuy nhiên, nếu đã ở nước ngoài một thời gian và bạn vẫn thấy bị mắc kẹt trong việc nghe - hiểu, giao tiếp kém thì cần tiếp tục học ngoại ngữ theo các cách dưới đây.\r\n\r\n1. Ghi lại từ vựng thường gặp\r\n\r\nBạn cần mở rộng vốn từ và học thêm nghĩa mới của các từ quen thuộc. Tôi từng đến gặp nha sĩ và mang theo giấy, bút để ghi lại các thuật ngữ bác sĩ sử dụng. Cách này cũng nên áp dụng khi bạn nói chuyện với thợ sửa điện nước, thậm chí là những người làm công việc hành chính trong bộ máy nhà nước.\r\n\r\nNếu cảm thấy giấy, bút là những vật dụng lạc hậu, bạn có thể dùng các ứng dụng trong điện thoại để hỗ trợ. Mỗi công việc sẽ có nhóm thuật ngữ riêng, hay được sử dụng. Càng mở rộng được vốn từ về các lĩnh vực quen thuộc của đời sống, bạn sẽ giao tiếp tự tin và nghe - hiểu tốt hơn.\r\n\r\n2. Nói chuyện với tất cả mọi người\r\n\r\nKhông phải người bản xứ nào cũng sử dụng tiếng mẹ đẻ của họ một cách thành thạo. Họ cũng có thể mắc lỗi ngữ pháp, thậm chí sử dụng sai từ ngữ. Những người không phải bản địa thường có ý thức trong việc nói chuẩn ngữ pháp hơn. Tôi từng có những cuộc trò chuyện vui vẻ với người pha chế tại quán bar, học được những câu nói dí dỏm từ người phụ nữ ở cửa hàng chăm sóc thú cưng. Ai cũng có thể giúp chúng ta luyện tập và học hỏi.\r\n\r\nBên cạnh đó, nếu bạn nói chuyện với một đứa trẻ, chúng sẽ chẳng phán xét nếu bạn nói sai. Điều này nghe có vẻ lạ nhưng nhà văn Emily đã tự tin hơn vào khả năng tiếng Đức sau khi cô trò chuyện với bọn trẻ tại Thụy Sĩ. Thanh thiếu niên luôn dẫn đầu xu hướng trong việc học hỏi thuật ngữ và tiếng lóng, điều này hỗ trợ bạn trong việc học nhanh tiếng địa phương.\r\n\r\nTrong khi đó, nếu trò chuyện với người già, bạn sẽ học được những thành ngữ sâu sắc, nhiều ý nghĩa. Tuy nhiên, nếu học cách dùng, bạn nên chú ý vì không phải trường hợp nào cũng có thể sử dụng những từ, cụm từ đã xuất hiện từ lâu trong đời sống. Nếu không cẩn thận, bạn có thể gây khó chịu cho người nghe.\r\n***<paragraph/>***\r\n3. Thực sự lắng nghe\r\n\r\nNếu chỉ tiếp cận mọi người để thực hành ngôn ngữ, tập trung vào từ vựng, thành ngữ, bạn sẽ trở thành một người lợi dụng. Ngoài tập trung vào cách họ nói, bạn cần hiểu những gì họ chia sẻ. Điều này giúp kết nối bạn và mọi người ở mức độ sâu sắc hơn. Bên cạnh đó, để hiểu một ngôn ngữ, bạn cần gắn chúng vào ngữ cảnh giao tiếp, tâm trạng của người nói. Bạn cần nhớ rằng khi sống ở nước ngoài, chúng ta không chỉ cần giỏi ngoại ngữ mà còn cần có bạn bè.\r\n\r\n4. Đề nghị người khác nhận xét\r\n\r\nKhi tôi học tiếng Anh, tôi đã nhờ mẹ, người rời Italy để đến Australia từ năm 1950, nhận xét. Mẹ tôi đã dành phần lớn cuộc đời của mình để vật lộn học cách giao tiếp bằng tiếng Anh nên cực kỳ thành thạo ngôn ngữ này.\r\n\r\nNếu có một người bạn có thể thoải mái yêu cầu họ đánh giá, chỉ ra lỗi khi phát âm, luyện tập ngoại ngữ, bạn nên nhờ họ giúp đỡ. Họ có thể giải thích tại sao bạn sai và chỉ cho bạn đi đúng hướng. Người bạn này có thể sống cùng bạn ở nước ngoài, là người bản xứ hoặc thậm chí là người đang sống tại quê nhà.\r\n\r\n5. Biết tự phê bình và tranh luận đúng lúc\r\n\r\nĐể trở thành người giao tiếp tốt trong bất kỳ ngôn ngữ nào, bạn đều phải thực hành và mắc sai lầm. Sai sót của bạn có thể ở việc dùng động từ không chính xác, không nói trôi chảy, phát âm chưa chuẩn. Khi bị người khác chỉ ra lỗi sai, hãy cân nhắc khi nào nên tranh luận và khi nào nên tự biết phê bình và rút kinh nghiệm.\r\n\r\nBạn cũng nên thoải mái với việc mắc sai lầm vì điều này là cần thiết và đương nhiên, không nên coi nặng nề như việc bị tổn thương lòng tự trọng. Là người học ngoại ngữ, chúng ta cần tìm những gì đã sai và sửa lại cho đúng.\r\n\r\nThanh Hằng (Theo Fluent in 3 months)',1,2,1,'2020-07-25 10:52:00','2020-08-12 05:00:20',1,0,'https://i1-vnexpress.vnecdn.net/2020/07/25/shutterstock-710125876-8383-1595647845.jpg?w=1020&h=0&q=100&dpr=1&fit=crop&s=A-EhnKZhxaKvh9y-SQMWJw','Ảnh: Shutterstock',NULL),(7,119,'Đề nghị 5 án tử hình trong vụ Văn Kính Dương','TP HCMVKS cho rằng, một số tình tiết mới phát sinh không làm thay đổi bản chất vụ án nên đề nghị tòa tuyên phạt Văn Kính Dương và 4 đồng phạm mức án tử hình.',1,2,1,'2020-07-23 13:05:00','2020-08-11 14:43:53',1,0,'https://i1-vnexpress.vnecdn.net/2020/07/23/van-kinh-duong-1-2511-1595485896.jpg?w=1020&h=0&q=100&dpr=1&fit=crop&s=lU0-GXmHRgizvQytIMFx7A','Văn Kính Dương tại toà ngày 23/7. Ảnh: Hữu Khoa.',NULL),(8,72,'Cha mẹ nên làm gì khi trẻ tò mò về \'vùng kín\'','Theo chuyên gia giáo dục, trẻ em tò mò về cơ thể mình là điều tự nhiên và vô hại, nhưng cha mẹ cần đưa ra giới hạn về hành vi cho trẻ, đặc biệt ở nơi công cộng.\r\n\r\nMột bà mẹ ở Mỹ bất ngờ nhận được email từ giáo viên trường mầm non nơi con trai chị đang học. Bé và các bạn bị bắt gặp đang cởi quần và để lộ vùng kín cho nhau nhìn trong giờ ăn trưa. Trong email, cô giáo viết rằng hành động đó không phải là điều bất thường ở độ tuổi của bé nhưng trong trường học thì không phù hợp.\r\n\r\nBà mẹ đã có buổi nói chuyện với con trai và hi vọng các phụ huynh khác cũng nên nhắc nhở con mình về chuyện này.\r\n\r\nTuy nhiên, đối với nhiều phụ huynh, xử lí một tình huống như vậy không phải là chuyện dễ dàng.\r\n\r\n***<paragraph/>***\r\nCó rất nhiều hành động của trẻ với cơ thể khiến bố mẹ cảm thấy không thoải mái. Chúng ta ít khi nhìn thấy trẻ em ở trần nơi công cộng, để tay dưới đũng quần, cho nhau xem vùng kín trong căng tin của trường học như ví dụ nói trên hay thốt ra những từ như \"dương vật\" và \"mông đít\" ngay trong giờ học.\r\n\r\nTrong khi ở những nơi công cộng như trường học, những chuyện như vậy có thể thỉnh thoảng mới diễn ra, thì tại nhà các bé thể hiện sự tò mò về cơ thể của mình nhiều hơn. Đây là điểm cần được các bậc phụ huynh lưu ý.\r\n\r\nNhư lời của giáo viên trong trường hợp trên, hành động của các bé hoàn toàn phù hợp với lứa tuổi. Tuy nhiên, nhà trường có các quy định và các bé cần được hướng dẫn để tuân thủ. Vậy các bậc phụ huynh phải làm thế nào để nói chuyện với con mình về những giới hạn mà các bé được làm với cơ thể của mình đồng thời không khiến các bé cảm thấy xấu hổ hay tội lỗi?\r\n\r\nDưới đây là một số nguyên tắc có thể giúp các bậc cha mẹ làm được điều này.\r\n\r\nHãy thừa nhận sự tò mò của trẻ về cơ thể mình\r\n\r\nNói một cách khác, đừng chỉ trích hay khiến bé cảm thấy xấu hổ vì tò mò với cơ thể mình. Theo chuyên gia về giáo dục giới tính Deborah Roffman, cơ thể là lớp học đầu tiên của trẻ. Bà cho rằng đối với trẻ, những âm thanh từ cơ thể và những gì bắt nguồn từ cơ thể đều \"không ngừng lôi cuốn\".\r\n\r\nBà khẳng định việc trẻ sơ sinh hay trẻ nhỏ khám phá bộ phận sinh dục của mình là điều hoàn toàn tự nhiên, đặc biệt là khi các bé không dùng bỉm nữa và có thể nhìn thấy các bộ phận này.\r\n\r\nTheo bà, đến 4-5 tuổi, hành vi này sẽ trở nên có chủ ý hơn và đó cũng là điều \"bình thường, có thể lường trước được và hoàn toàn vô hại\".\r\n\r\nTheo giáo sư Tanya Coakley, nói chuyện với trẻ về cơ thể và tình dục sẽ mở đường cho trẻ tâm sự với cha mẹ sau này khi lớn lên. Những cuộc nói chuyện đó sẽ có ảnh hưởng tích cực tới trẻ, khiến trẻ cảm thấy thoải mái về cơ thể mình và có thể sau này có gì thắc mắc, trẻ sẽ tìm tới cha mẹ. Theo một nghiên cứu của giáo sư, những cuộc nói chuyện này sẽ làm giảm nguy cơ mang thai ngoài ý muốn, lây các bệnh về tình dục và giảm các hành vi xấu về tình dục về sau này.\r\n\r\n\"Điều quan trọng là cần có các cuộc trò chuyện với trẻ mang tính cởi mở, trung thực, không phán xét và có tính giáo dục\", giáo sư Coakley nói.\r\n\r\nChuyên gia Roffman cho rằng có nhiều động cơ cũng như sự bộc phát khiến trẻ sờ lên người hay cởi quần áo nơi công cộng. Chạm tay vào cơ quan sinh dục có thể khiến trẻ thấy thoải mái và dễ chịu. Đôi khi trẻ cởi quần áo vì trẻ thấy điều đó rất vui, hoặc cảm thấy muốn vượt qua các giới hạn của bản thân. Nhưng trên hết, những hành động này của trẻ bắt nguồn từ mong muốn khám phá cơ thể và đó là mong muốn lành mạnh.\r\n\r\nĐiều khiến trẻ cảm thấy xấu hổ là khi trẻ làm điều gì đó mà trẻ thích nhưng bị nhận xét rằng đó là hành động xấu xa. Cảm giác xấu hổ có sức mạnh ghê gớm, có thể tàn phá cách trẻ nhìn nhận bản thân cũng như cơ thể của mình. \"Điều đó cũng khiến trẻ cảm thấy bối rối và không hiểu đã làm gì sai. Trẻ sẽ ở trong tâm trạng lo lắng về hành động của mình\", bà phân tích.\r\n\r\nSaleema Noon, một chuyên gia giáo dục giới tính ở Canada, cho biết: \"Chúng tôi muốn ngay từ nhỏ trẻ được học rằng các cảm xúc về tình dục là hoàn toàn lành mạnh. Nếu trẻ khám phá bộ phận sinh dục của mình và những người xung quanh nói với trẻ rằng đó là hành động xấu xa hay bẩn thỉu thì điều đó sẽ ảnh hưởng tới trẻ một cách tiêu cực. Sự tiêu cực đó sẽ bám theo trẻ trong các mối quan hệ sau này\".\r\n\r\nSử dụng đúng từ ngữ cho các bộ phận của cơ thể\r\n\r\nChuyên gia Roffman cho rằng việc cha mẹ sử dụng ngôn ngữ có thể tăng cường và cũng có thể phá hỏng khả năng giao tiếp của trẻ. Nếu như chúng ta biết được sự khác nhau giữa mặt và cổ họng, thì các bé gái cũng nên biết sự khác biệt giữa âm hộ và âm đạo. Ngoài ra, theo bà phụ huynh hãy tránh sử dụng từ lóng để gắn với các bộ phận của cơ thế hay những từ nói giảm nói tránh như \"vùng kín\".\r\n\r\n\"Một giáo viên có thể cảm thấy e dè khi dùng từ \"dương vật\". Nếu chúng ta đừng e dè thì thế giới này có phải đẹp đẽ hơn không? Đó chỉ là những bộ phận của cơ thể và chúng không phải là những bộ phận cấp thấp\", bà nói.\r\n\r\nHãy tạo giới hạn về thời gian và địa điểm\r\n\r\nTheo chuyên gia Roffman việc thừa nhận sự tò mò của trẻ đối với cơ thể, cha mẹ cũng nên đặt ra các giới hạn. Nếu con bạn sờ vào bộ phận sinh dục ở nơi công cộng, hãy nói với bé rằng: \"Bố/mẹ biết điều đó khiến con cảm thấy dễ chịu. Cơ thể chúng ta là điều tuyệt vời và đem lại cảm giác tuyệt vời. Nếu nhìn xung quanh con sẽ thấy không ai làm như vậy. Nhưng con có thể làm điều đó trong phòng ngủ hay phòng tắm của con bất kì khi nào con muốn\".\r\n\r\nHoặc bạn cũng có thể nói: \"Bố/ Mẹ biết cởi truồng là rất vui, nhưng ở trường học, chúng ta cần mặc quần áo khi chơi đùa\".\r\n\r\n***<paragraph/>***\r\nCho trẻ biết khi nào KHÔNG cho người khác đụng chạm vào cơ thể\r\n\r\nRoffman cho rằng trong các cuộc nói chuyện với trẻ, cha mẹ hãy phân tích cho trẻ những lúc nào người khác có thể chạm vào người trẻ và những lúc nào thì không.\r\n\r\nVí dụ trẻ có thể để người khác chạm vào người trong trường hợp cha mẹ hoặc người chăm sóc trẻ đưa trẻ đi tắm hoặc thay bỉm cho trẻ hay bác sĩ khám bệnh cho trẻ.\r\n\r\nBạn có thể nói với con: \"Trừ phi cha mẹ nói trước với con về lí do còn lại không ai lớn tuổi hơn con được phép sờ dương vật hay âm hộ hay miệng của con\" và \"Nếu ai đó chạm vào người con hay nhìn con mà khiến con cảm thấy không ổn, con hãy nói với người lớn khác ngay lập tức\".\r\n\r\nNgoài ra, theo giáo sư Coakley, cha mẹ hãy nói rõ với con rằng người lớn không được bắt trẻ giữ kín một bí mật nào.\r\n\r\nHãy tự thực hành trước khi thực sự nói chuyện với trẻ\r\n\r\nGiáo dục giới tính có nhiều chủ đề khiến các bậc cha mẹ cảm thấy lo lắng hoặc bối rối và đây là điều dễ hiểu.\r\n\r\nVì vậy theo giáo sư Coakley, bố mẹ nên thực hành trước các cuộc trò chuyện bằng cách một người đóng vai cha/mẹ và người kia đóng vai con. Bạn cũng có thể nhờ một người bạn đóng vai giúp. Bạn nên chú ý thực hành cách sử dụng từ ngữ, ngôn ngữ cơ thể và giọng nói của mình. Nếu bạn không cảm thấy thoải mái với những từ chỉ các bộ phận sinh dục như \"dương vật\" hay \"âm đạo\", hãy thực hành cho tới khi bạn có thể dễ dàng nói ra những từ đó.\r\n\r\nTheo giáo sư Natasha Cabrera (Mỹ), mặc dù thông thường người mẹ sẽ nói chuyện với trẻ về vấn đề giới tính, nhưng người cha cũng nên tham gia vì cha mẹ thường có cách tiếp cận hoặc diễn đạt khác nhau. Nam giới thường đi thẳng vào vấn đề và thường cung cấp thêm các thông tin mà không cần \"kiểm duyệt\" vì vậy điều đó sẽ khiến trẻ cảm thấy hứng thú.\r\n\r\nGiáo sư cũng cho rằng cách tốt nhất để giải đáp sự tò mò là cung cấp thông tin cho trẻ. Ví dụ bạn có thể cùng con đọc một cuốn sách có hình ảnh về các bộ phận cơ thể người.',1,2,1,'2020-07-25 05:00:00','2020-08-12 05:05:11',1,0,'https://i1-giadinh.vnecdn.net/2020/07/24/Giao-duc-gioi-tinh-1-8504-1595587265.jpg?w=1020&h=0&q=100&dpr=1&fit=crop&s=49hbbz8uw_Oc-bBRcSqI5A***<paragraph/>***https://i1-giadinh.vnecdn.net/2020/07/24/Giao-duc-gioi-tinh-2-7377-1595587265.jpg?w=1020&h=0&q=100&dpr=1&fit=crop&s=kWaotjN9kUYVau1H3NlS-w','Theo chuyên gia về giáo dục giới tính Deborah Roffman, việc trẻ em 4-5 tuổi tò mò về những bộ phận kín trên cơ thể là điều \"bình thường, có thể lường trước được và hoàn toàn vô hại\". Ảnh: Parentology.\r\n***<paragraph/>***\r\nGiáo dục giới tính có nhiều chủ đề khiến các bậc cha mẹ cảm thấy lo lắng hoặc bối rối. Ảnh: Parentology.',NULL),(9,98,'Mua vàng những ngày giá tăng chóng mặt','Chỉ người chơi vàng lướt sóng, ăn chênh lệch nhờ giá tăng - giảm mới không nên mua vàng lúc này.\r\n\r\n(Bài viết Ý Kiến không nhất thiết trùng với quan điểm NewsExpress)\r\n\r\nTheo tôi, quan điểm \"Hai lý do không nên mua bán vàng lúc này\" của tác giả Lê Tấn Lam Anh chỉ đúng với những người lướt sóng vàng (ăn chênh lệch nhờ giá vàng tăng - giảm). Với người mua vàng nhằm mục tiêu giữ vốn, điều này lại không hợp lý. Ta đều biết giá vàng tăng hay giảm phụ thuộc vào kinh tế (kinh tế toàn cầu và kinh tế quốc nội). Kinh tế phát triển, làm ăn thuận lợi, người ta cần tiền để đầu tư gì đó, chi trả cho các hoạt động thường nhật, chẳng ai quan tâm giá vàng. Kinh tế suy thoái, không có chỗ để đầu tư (sản xuất kinh doanh), kinh doanh sụt giảm, nếu vẫn giữ tiền mặt thì khoản tiền ấy sẽ nhanh chóng \"bốc hơi\", người ta mới dùng tiền mặt ấy để mua vàng.\r\n\r\nVới người mua vàng để giữ vốn, không cần quan tâm giá lên mà chỉ quan tâm giá xuống. Ví dụ, tại thời điểm bình thường, giá vàng là 42 triệu đồng/lượng. Thời điểm này, tôi vẫn làm ăn tốt, tôi mua vàng để làm gì? Khi chuyện làm ăn của tôi xấu đi, nhìn lên giá vàng thì nó đã ở mức xấp xỉ 50 triệu đồng/lượng, tôi vẫn bỏ tiền ra mua. Bởi giá vàng sẽ không dừng lại ở mức đó, mà tiếp tục đi lên dù nhiều hay ít. Khi kinh tế có dấu hiệu phục hồi, giá vàng bắt đầu đi xuống. Đây mới là lúc tôi quan tâm giá vàng. Khi giá vàng xuống xấp xỉ bằng mức tôi mua vào (50 triệu đồng/lượng), tôi bán hết số vàng mình có để lấy tiền mặt. Tức là, từ lúc mua vào đến khi bán ra, tôi không lời một đồng nào cả. Mục tiêu của tôi không phải là tiền lời mà là muốn giữ vốn của mình không thay đổi trong thời gian kinh tế suy thoái.\r\n\r\nNgười lướt sóng vàng (hoặc lướt sóng chứng khoán, lướt sóng bất động sản) họ có tính toán riêng. Mục tiêu của bất kỳ hình thức lướt sóng nào là mua thấp bán cao, mua nhanh bán gấp, ăn chênh lệch giá. Những người chơi lướt sóng này chơi bất kỳ thời điểm nào, bất chấp kinh tế có biến động hay không. Trong khi đó, người mua vàng để giữ vốn chỉ nhằm mục tiêu trú ẩn, không quan tâm lời lỗ, tham gia vào chuyện mà mình không am hiểu (lướt sóng) có khi trắng tay. Như vậy, người mua vàng để giữ vốn có thể mua vàng ở bất kỳ thời điểm giá vàng nào và chỉ quan tâm khi giá vàng xuống thì bán ra đúng (hoặc cao hơn chút) giá mua vào.\r\n\r\nNói thị trường vàng Hà Nội sôi động, TP HCM im ắng không có nghĩa là mọi người ở hai nơi này không biết chơi vàng. Đó là do ảnh hưởng xấu của kinh tế tác động lên các vùng kinh tế của Việt Nam là khác nhau, không cùng một thời điểm. Với người trực tiếp nhận đơn hàng từ nước ngoài, nhìn thấy số đơn hàng giảm mạnh so với cùng kỳ năm ngoái, việc đầu tiên mà họ nghĩ đến là rút tất cả các khoản đầu tư đi mua vàng. Với người nhận đơn hàng gián tiếp qua trung gian, không có cái nhìn trực quan về số lượng giảm các đơn hàng thì họ vẫn kinh doanh bình thường cho đến khi \"cảm nhận\" được tình hình xung quanh có dấu hiệu không ổn. Tức là, mua vàng sớm hay trễ là do anh biết thông tin sớm hay muộn mà thôi. Mua sớm hay trễ, giá cao hay thấp không ảnh hưởng gì đến mục tiêu giữ vốn. Người lướt sóng và người giữ vốn có mục tiêu khác nhau nên không thể đánh đồng.',1,2,1,'2020-07-25 06:00:00','2020-08-12 05:06:05',1,0,NULL,NULL,NULL),(10,28,'BCG Land được vinh danh về phát triển bất động sản bền vững','Công ty BCG Land nhận giải \"Nhà phát triển bất động sản bền vững hàng đầu Việt Nam 2020\" tại Dot Property Vietnam Awards.',1,2,1,'2020-07-24 18:55:00','2020-08-11 14:42:04',1,0,'https://i1-kinhdoanh.vnecdn.net/2020/07/24/Hung-2513-1595591643.png?w=1020&h=0&q=100&dpr=1&fit=crop&s=z0b_9h1QuGT5PPcUYGOr5Q','Ông Nguyễn Thanh Hùng - Phó chủ tịch thường trực HĐQT BCG Land phát biểu nhận giải.',NULL),(11,63,'Người nghi nhiễm ở Đà Nẵng được ghi nhận là \'bệnh nhân 416\'','Kết quả xét nghiệm lần thứ 5 bệnh nhân 57 tuổi ở Đà Nẵng, được Viện Vệ sinh dịch tễ Trung ương sáng nay khẳng định nhiễm nCoV.\r\n\r\nTrong cuộc họp sáng nay, quyền Bộ trưởng Y tế Nguyễn Thanh Long cho biết người nghi nhiễm tại Đà Nẵng được ghi nhận là \"bệnh nhân 416\". Viện Vệ sinh Dịch tễ Trung ương đã thực hiện xét nghiệm chuyên sâu, kết quả khẳng định dương tính với nCoV sáng 25/7.\r\n\r\n\"Bệnh nhân 416\" trước đó đã 4 lần xét nghiệm dương tính nCoV, bao gồm 2 lần xét nghiệm tại Đà Nẵng, một lần ở Viện Pasteur Nha Trang, lần thứ 4 có kết quả vào trưa 24/7 do Viện Vệ sinh Dịch tễ Trung ương thực hiện.\r\n\r\nNhư vậy, ca nhiễm mới chấm dứt 99 ngày không lây nhiễm trong cộng đồng. Hiện chưa rõ nguồn lây nhiễm cho người này. Bệnh nhân điều trị tại Bệnh viện Đà Nẵng đang trở nặng, viêm phổi cấp tính, diễn biến rất nhanh, phải thở máy. Đội phản ứng nhanh của Bệnh viện Chợ Rẫy đã có mặt ở Đà Nẵng để trực tiếp điều trị. Thủ tướng chỉ đạo quyết tâm cứu chữa cho bệnh nhân.\r\n\r\nBệnh nhân có tiền sử nang trung thất, đã được phẫu thuật cách đây khoảng 2 năm. Ông sống tại quận Liên Chiểu, TP Đà Nẵng.\r\n\r\n***<paragraph/>***\r\nTrung tâm Kiểm soát bệnh tật Đà Nẵng cho biết đến sáng nay xác định được 1.079 người thuộc các diện tiếp xúc bệnh nhân, trong đó 288 người là F1. 108 mẫu bệnh phẩm đã có kết quả xét nghiệm lần một âm tính với nCoV. Trung tâm Kiểm soát bệnh tật Đà Nẵng vẫn đang tiếp tục lập danh sách những người tiếp xúc gần để lấy mẫu xét nghiệm và thực hiện cách ly y tế.\r\n\r\nTheo điều tra dịch tễ, bệnh nhân chỉ ở địa phương trong một tháng qua. Ngày 7/7, ông tới Trung tâm Y tế quận Ngũ Hành Sơn thăm mẹ ốm. Ngày 16/7, ông ở tầng 3, khoa Can thiệp tim mạch, Trung tâm Tim mạch thuộc Bệnh viện Đà Nẵng chăm sóc mẹ. Ngày 17/7, bệnh nhân về nhà, khởi phát ho sốt. Ngày 18/7, ông đi ăn tiệc cưới ở quận Hải Châu. Ngày 20/7, bệnh nhân tới khám ở Bệnh viện C Đà Nẵng, xét nghiệm sàng lọc ban đầu kết quả dương tính nCoV, cách ly điều trị ngay.\r\n\r\nNhững người tham gia tiệc cưới sẽ cách ly tập trung và cách ly y tế tại nhà. Do các trung tâm cách ly ở Đà Nẵng đã đầy, Bộ đề nghị Quân khu 5 chuyển người cách ly đến các cơ sở tập trung tại các địa phương lân cận.\r\n\r\nĐến sáng nay, Việt Nam ghi nhận tổng cộng 416 ca Covid-19, trong đó 51 bệnh nhân đang điều trị, 365 người đã khỏi.',1,2,1,'2020-07-25 11:23:00','2020-08-12 04:58:31',1,0,'https://i1-suckhoe.vnecdn.net/2020/07/25/xet-nghiem-Da-Nang1-8431-1595652613.jpg?w=1020&h=0&q=100&dpr=1&fit=crop&s=9H9HBMsOVx--IM1KRzRLGg','Nhân viên trung tâm y tế quận Liên Chiểu lấy mẫu bệnh phẩm người tiếp xúc bệnh nhân, xét nghiệm sàng lọc sáng 25/7. Ảnh: Đắc Thành.',NULL),(12,5,'Lý do Trung Quốc đóng lãnh sự quán Mỹ ở Thành Đô','Bắc Kinh dường như vừa muốn truyền thông điệp mạnh mẽ tới Washington, vừa giữ căng thẳng không leo thang quá nhanh khi chọn đóng lãnh sự quán Mỹ ở Thành Đô.\r\n\r\nTrung Quốc ngày 24/7 yêu cầu đóng cửa Tổng lãnh sự quán Mỹ ở Thành Đô, thủ phủ tỉnh Tứ Xuyên, nhằm đáp trả việc Mỹ đóng Tổng lãnh sự quán ở Houston, bang Texas. Phát ngôn viên Bộ Ngoại giao Trung Quốc Vương Văn Bân nói một số nhân viên lãnh sự quán Mỹ tại Thành Đô hành động \"không phù hợp với vị trí công việc\" và gây tổn hại lợi ích của nước sở tại, song không cung cấp thông tin chi tiết.\r\n\r\nLãnh sự quán Mỹ ở Thành Đô không phải cơ sở lớn nhất trong số 6 cơ sở ngoại giao Mỹ đặt tại Trung Quốc. Bên cạnh đại sứ quán ở Bắc Kinh, Mỹ có 5 lãnh sự quán ở Trung Quốc đại lục, gồm Thành Đô, Thượng Hải, Quảng Châu, Vũ Hán và Thẩm Dương. Tương tự, Trung Quốc cũng có 5 lãnh sự quán ở Mỹ bên cạnh Đại sứ quán tại Washington.\r\n\r\nNgoài ra, Mỹ còn duy trì Tổng lãnh sự quán cho Hong Kong và Macau, đặt tại khu Central của đặc khu hành chính Hong Kong.\r\n\r\n***<paragraph/>***\r\nTổng lãnh sự quán Trung Quốc ở Houston, nhỏ nhất trong 5 lãnh sự quán nước này tại Mỹ, xử lý những vấn đề lãnh sự cho các bang Alabama, Arkansas, Florida, Georgia, Louisiana, Mississippi, Oklahoma và Texas.\r\n\r\nTrong khi đó, lãnh sự quán Mỹ ở Thành Đô đi vào hoạt động từ năm 1985, có 5 phòng ban và 130 nhân viên, gồm 100 người được tuyển dụng tại địa phương.\r\n\r\nNằm ở thủ phủ tỉnh Tứ Xuyên, lãnh sự quán này xử lý tất cả các vấn đề lãnh sự và ngoại giao ở khu vực phía tây nam Trung Quốc, bao gồm các tỉnh Tứ Xuyên, Vân Nam, Quý Châu, thành phố Trùng Khánh và khu tự trị Tây Tạng.\r\n\r\nTheo giới chuyên gia, Bắc Kinh chọn đóng cửa lãnh sự quán Mỹ ở Thành Đô để trả đũa nhiều khả năng là do nó không phải cơ sở quá lớn, qua đó, Trung Quốc có thể truyền đi thông điệp rõ ràng tới Mỹ nhưng không \"đổ thêm dầu\" vào ngọn lửa đang bùng cháy trong mối quan hệ giữa hai nước.\r\n\r\nKhu vực lãnh sự quán ở Thành Đô phụ trách có ít doanh nghiệp và công dân Mỹ hơn các lãnh sự quán khác của Mỹ tại Trung Quốc.\r\n\r\n\"Phía Trung Quốc đang cố gắng không làm gia tăng căng thẳng quá nhanh\", Li Haidong, giáo sư về quan hệ quốc tế tại Đại học Ngoại giao Trung Quốc ở thủ đô Bắc Kinh, nhận định.\r\n\r\nDù các tỉnh ở phía tây nam Trung Quốc ít phát triển về mặt kinh tế hơn so với các vùng khác, chúng vẫn có ý nghĩa chính trị to lớn.\r\n\r\nHầu hết người Tây Tạng đều sống trong khu vực và lãnh sự quán Thành Đô là cơ sở gần nhất với thành phố Lhasa, thủ phủ khu tự trị Tây Tạng. Bắc Kinh nhiều lần từ chối yêu cầu của Mỹ mở lãnh sự quán ở Lhasa.\r\n\r\nNăm 2013, theo tiết lộ từ cựu nhân viên Cục Tình báo Trung ương Mỹ (CIA) Edward Snowden, lãnh sự quán ở Thành Đô là một trong những cơ sở ngoại giao của Mỹ ở nước ngoài có các thiết bị phục vụ cho mục đích giám sát. Bắc Kinh lúc bấy giờ phản đối và yêu cầu Mỹ giải thích.\r\n\r\nNăm 2012, lãnh sự quán Mỹ ở Thành Đô là nơi Vương Lập Quân, cựu cảnh sát trưởng, phó thị trưởng Trùng Khánh, chạy tới để xin tị nạn. Vương Lập Quân được coi là \"cánh tay phải\" của Bạc Hy Lai, cựu bí thư Trùng Khánh, người đang thụ án chung thân vì tội tham nhũng và lạm quyền.\r\n\r\nJames Green, nhà phân tích về Trung Quốc ở Georgetown, đánh giá trong bối cảnh Washington gần đây có động thái trừng phạt các quan chức Trung Quốc liên quan đến vấn đề nhân quyền ở Tây Tạng, việc đóng cửa lãnh sự quán Thành Đô \"có thể truyền thông điệp tới một số người\".\r\n\r\nGiới quan sát trước đó dự đoán Bắc Kinh có thể đóng cửa lãnh sự quán Mỹ ở Vũ Hán, cơ sở được mở cửa gần đây nhất. Nhưng các nhà ngoại giao Mỹ đã sơ tán khỏi Vũ Hán từ đầu năm nay vì Covid-19 và chưa quay lại suốt nhiều tháng qua.\r\n\r\nNỗ lực quay lại Vũ Hán làm việc của họ bị phía Trung Quốc cản trở, bởi Bắc Kinh khăng khăng cho rằng các nhà ngoại giao Mỹ cần xét nghiệm nCoV khi đến nơi, thay vì chỉ cần trình kết quả âm tính. Các nhà ngoại giao Mỹ từ chối thực hiện yêu cầu này, do lo ngại nguy cơ bị lộ ADN từ mẫu xét nghiệm với các cơ quan an ninh, tình báo Trung Quốc.\r\n\r\nTheo Jeff Moon, tổng lãnh sự Mỹ ở Thành Đô từ năm 2003 đến 2006, người đang điều hành một công ty tư vấn các vấn đề liên quan chủ yếu đến Trung Quốc, việc lựa chọn đóng cửa lãnh sự quán Mỹ ở Thành Đô cho thấy lựa chọn của Bắc Kinh là \"tiếp tục leo thang căng thẳng với Mỹ, thay vì đình chiến hoặc xoa dịu căng thẳng\".\r\n\r\n\"Nếu Trung Quốc đóng cửa lãnh sự quán ở Vũ Hán, mọi chuyện có lẽ sẽ chấm dứt bởi vấn đề ở Vũ Hán chỉ nằm ở việc Trung Quốc ngăn các nhà ngoại giao Mỹ quay trở lại sau Covid-19\", ông nói. \"Điều này có thể được giải quyết từ từ, khi căng thẳng đã hạ nhiệt\".',1,2,1,'2020-07-25 12:10:00','2020-08-12 04:52:40',1,0,'https://i1-vnexpress.vnecdn.net/2020/07/25/j2ed44590-cd9a-11ea-9c1b-809cd-7395-8494-1595650835.jpg?w=1020&h=0&q=100&dpr=1&fit=crop&s=IhelHGcyjUOh4ycebc_gIw','Nhân viên an ninh Trung Quốc bên ngoài lãnh sự quán Mỹ tại Thành Đô, thủ phủ tỉnh Tứ Xuyên. Ảnh: AFP.',NULL),(13,6,'Hơn 16.000 người Việt đã về nước tránh dịch','Việt Nam đã tổ chức hơn 60 chuyến bay hồi hương hơn 16.000 công dân tại hơn 50 quốc gia và vùng lãnh thổ về nước tránh dịch từ tháng 4.\r\n\r\nThông tin được ông Đoàn Khắc Việt, Phó phát ngôn Bộ Ngoại giao, cho biết trong thông tin gửi VnExpress hôm nay.\r\n\r\nViệt Nam tổ chức các chuyến bay hồi hương công dân từ 10/4, trong bối cảnh Covid-19 gây lo ngại trên toàn cầu. Phần lớn công dân hồi hương là trẻ em dưới 18 tuổi, du học sinh đã hoàn thành chương trình học, người cao tuổi, người có bệnh nền, người đi du lịch bị kẹt lại, người lao động đã hết hạn thị thực và hợp đồng lao động.\r\n\r\n***<paragraph/>***\r\nÔng Việt cho biết giới chức cũng sẽ sớm tổ chức các chuyến bay hồi hương 226 công nhân Việt Nam làm việc cho một công ty của Trung Quốc ở Karshi, Uzbekistan và hơn 200 công dân, trong đó 120 người nhiễm nCoV, ở Guinea Xích Đạo, Tây Phi, cùng một số quốc gia và vùng lãnh thổ khác.\r\n\r\nTheo ông Việt, Bộ Ngoại giao và các cơ quan đại diện Việt Nam ở nước ngoài tiếp tục nhận được đơn đề nghị giúp đỡ của lao động Việt Nam trong bối cảnh Covid-19 diễn biến phức tạp ở nước sở tại. Giới chức Việt Nam sẽ tiếp tục phối hợp với các quốc gia liên quan để \"không ai bị bỏ lại phía sau\".\r\n\r\nCovid-19 bùng phát vào tháng 12/2019, xuất hiện tại 213 quốc gia và vùng lãnh thổ với hơn 15,7 triệu ca nhiễm, gần 638.000 ca tử vong.',1,2,1,'2020-07-25 00:04:00','2020-08-12 05:11:24',1,0,'https://i1-vnexpress.vnecdn.net/2020/07/24/5563187066a-Viet-Nam-hoi-huong-7079-6185-1595607815.jpg?w=1020&h=0&q=100&dpr=1&fit=crop&s=Mvy2cDwRU5w7g0uBSwwyPw','Công dân Việt Nam tại Maroc trước khi lên đường về nước, ngày 23/7. Ảnh: Bộ Ngoại giao.',NULL),(14,7,'Nước lũ nhấn chìm đường phố Hàn Quốc','Mưa lớn kết hợp với triều cường gây ra tình trạng lụt lội nghiêm trọng ở Busan và nhiều thành phố Hàn Quốc, khiến ít nhất 5 người chết.\r\n\r\nBusan, thành phố lớn thứ hai Hàn Quốc, trong 36 giờ qua chứng kiến lượng mưa lên tới 202 mm/giờ do ảnh hưởng của một đới áp thấp hình thành trên dải mây gây mưa.\r\n\r\nMưa lớn kết hợp với triều cường khiến nước lụt tràn vào đường cao tốc ngầm của Busan tối 23/7, khiến nhiều phương tiện bị nhấn chìm. 6 người may mắn được lực lượng cứu hỏa giải thoát.\r\n\r\n***<paragraph/>***\r\nTuy nhiên, thi thể của ba nạn nhân chết trong những chiếc xe bị nước lũ nhấn chìm ở Busan được lực lượng cứu hộ tìm thấy vào đêm 24/7. Một người nữa mất tích và được cho là đã thiệt mạng khi bị nước sông ở Ulsan, phía bắc Busan, tràn bờ và cuốn trôi.\r\n\r\nMột người nữa ở Gimpo, tỉnh Gyeonggi, cũng thiệt mạng do lũ lụt, theo Ban Quản lý Thiên tai Hàn Quốc hôm 24/7. Đến trưa cùng ngày, 217 người đã được sơ tán, 51 người được cứu, gần 300 ngôi nhà bị ngập.\r\n\r\nHình ảnh do người dân chia sẻ cho thấy các bến tàu điện ngầm cũng bị ngập nặng, xe buýt chạy giữa nước lũ cao đến nửa thân xe. Những đường phố tấp nập biến thành biển nước mênh mông.\r\n\r\nCảnh báo mưa lớn cũng được phát ra tại Ulsan, nơi đặt nhà máy nội địa chính của Hyundai Motor. Lượng mưa hơn 215 mm đã trút xuống thành phố này nhiều giờ liền, gây lở đất và lũ quét, nuốt chửng nhiều vỉa hè và lối đi bộ.\r\n\r\nMột số phần của đường cao tốc liên thành phố tại thủ đô Seoul đã đóng cửa do nước lũ dâng cao.\r\n\r\nNhiều khu vực khác của Hàn Quốc đang nằm trong diện cảnh báo mưa lớn và Cơ quan Khí tượng Hàn Quốc dự báo tình hình thời tiết này sẽ kéo dài đến ngày 25/7.',1,2,1,'2020-07-25 12:09:00','2020-08-12 04:54:40',1,0,'https://i1-vnexpress.vnecdn.net/2020/07/25/1515955199519289-5540-1595652662.jpg?w=1020&h=0&q=100&dpr=1&fit=crop&s=o7l7Xzfoys-dqFjRD-Hs_w','Một đoạn đường hầm ở thành phố Busan bị ngập nặng hôm 23/7. Ảnh: Yonhap',NULL),(15,8,'24 chiến hạm Indonesia diễn tập trên Biển Đông','Hải quân Indonesia tổ chức diễn tập gần quần đảo Natuna ngày 21-24/7, động thái có thể nhằm phô diễn sức mạnh trước yêu sách chủ quyền của Trung Quốc.\r\n\r\n24 chiến hạm hải quân Indonesia, trong đó có hai khu trục hạm và 4 hộ vệ hạm, hồi giữa tuần tham gia cuộc diễn tập 4 ngày gần quần đảo Natuna, phía nam Biển Đông. Đợt diễn tập trên biển này được tiến hành đồng thời với hoạt động huấn luyện trên đất liền, hải quân Indonesia cho biết trong thông cáo hôm qua.\r\n\r\n\"Khả năng sẵn sàng chiến đấu của quân đội không bị ảnh hưởng ngay cả khi Covid-19 đang hoành hành\", chuẩn đô đốc Ahmadi Heri Purwono, người đứng đầu Bộ tư lệnh Hạm đội 1 hải quân Indonesia, cho biết.\r\n\r\nVùng đặc quyền kinh tế của Indonesia xung quanh quần đảo Natuna chồng lấn với \"đường 9 đoạn\" Trung Quốc đơn phương vẽ ra trên Biển Đông nhằm đòi yêu sách chủ quyền phi lý với phần lớn diện tích khu vực. Các tàu đánh cá được tàu công vụ Trung Quốc hộ tống nhiều lần hoạt động trong khu vực gần quần đảo Natuna, khiến giới chức Indonesia lo ngại.\r\n\r\nCuộc diễn tập gần Natuna nhằm xây dựng các phương án và năng lực chiến lược nhằm bảo vệ quần đảo này, hải quân Indonesia cho biết trong thông cáo.\r\n\r\n***<paragraph/>***\r\nPhái đoàn thường trực Indonesia hồi tháng 5 gửi thư cho Tổng thư ký Antonio Guterres và bộ phận phụ trách Các vấn đề về Biển và Luật Biển Liên Hợp Quốc để bác yêu sách \"đường 9 đoạn\" của Trung Quốc. Trong những lá thư được gửi hồi tháng 6, Indonesia tuyên bố \"thẳng thừng từ chối\" đề nghị đàm phán của Trung Quốc về cái gọi là \"yêu sách chồng lấn\".\r\n\r\nNgoại trưởng Mỹ Mike Pompeo khi ra tuyên bố ngày 13/7 bác hầu hết yêu sách của Trung Quốc tại Biển Đông đã khẳng định quần đảo Natuna là khu vực \"nằm ngoài phạm vi tài phán của Trung Quốc\".\r\n\r\nAustralia hôm 23/7 cũng đệ trình công hàm lên Liên Hợp Quốc, khẳng định \"không có cơ sở pháp lý đối với các yêu sách của Trung Quốc về lãnh thổ và hàng hải ở Biển Đông\", bác bỏ các yêu sách của Trung Quốc đối với quyền lịch sử, các quyền và lợi ích hàng hải được thiết lập trong \"quá trình thực hiện lịch sử lâu dài ở Biển Đông\".\r\n\r\nTrung Quốc gần đây triển khai nhiều hoạt động quyết liệt sau Covid-19 nhằm gây áp lực cho các quốc gia, vùng lãnh thổ xung quanh. Tại Biển Đông, Trung Quốc triển khai loạt hoạt động gây hấn như điều tàu khảo sát địa chất Hải Dương 8 đi vào vùng đặc quyền kinh tế của Việt Nam rồi bám theo tàu khoan của Malaysia, cho tàu hải cảnh đâm chìm tàu cá của Việt Nam, tập trận trái phép ở quần đảo Hoàng Sa của Việt Nam.\r\n\r\nMỹ điều nhiều tàu sân bay cùng chiến hạm tới diễn tập tại Biển Đông và khu vực xung quanh, một số quốc gia như Nhật Bản và Australia cũng cử tàu chiến tới tham gia. Các oanh tạc cơ B-1B Lancer và B-52 đã thực hiện nhiệm vụ tại Biển Đông, một số trinh sát cơ và máy bay không người lái cũng hoạt động trong khu vực.',1,2,1,'2020-07-25 11:47:00','2020-08-12 04:56:00',1,0,'https://i1-vnexpress.vnecdn.net/2020/07/25/5563187070a-hai-quan-Indonesia-4824-5181-1595651697.jpg?w=1020&h=0&q=100&dpr=1&fit=crop&s=0IKIG_P0171OGQlf0_5u_w','Binh sĩ hải quân Indonesia đứng trước tàu tuần tra KRI Layaran tại cảng Batu Ampar, Batam, quần đảo Riau, tháng 1/2017. Ảnh: Jakarta Post.',NULL),(16,4,'Hậu quả khi Nga - Mỹ đóng cửa lãnh sự quán năm 2018','Hành động đóng cửa lãnh sự quán của Nga và Mỹ năm 2018 thể hiện rạn nứt quan hệ song phương, ảnh hưởng trực tiếp đến người dân mỗi nước.\r\n\r\nMỹ hôm 21/7 yêu cầu Tổng lãnh sự quán Trung Quốc tại Houston đóng cửa trong vòng 72 giờ nhằm \"bảo vệ sở hữu trí tuệ và thông tin cá nhân của người Mỹ\".\r\n\r\nTổng lãnh sự Trung Quốc tại Houston Thái Vĩ ngày 23/7 trong cuộc phỏng vấn với báo Politico tuyên bố từ chối thực hiện yêu cầu từ phía Mỹ, cho biết Bắc Kinh đã yêu cầu Washington hủy quyết định này.\r\n\r\n***<paragraph/>***\r\nBộ Ngoại giao Trung Quốc ngày 24/7 ra tuyên bố cho biết đã thu hồi giấy phép thành lập và hoạt động của lãnh sự quán Mỹ tại thành phố Thành Đô. Lãnh sự quán Mỹ tại Thành Đô mở cửa năm 1985 và phụ trách công tác lãnh sự khu vực phía tây nam Trung Quốc, gồm các tỉnh Tứ Xuyên, Vân Nam, Quý Châu, khu tự trị Tây Tạng và Trùng Khánh. Đây được xem là cơ sở ngoại giao có tầm quan trọng chiến lược của Mỹ bởi liên quan đến Tây Tạng. Lãnh sự quán hiện có khoảng 200 nhân viên, gồm 150 nhân viên là người Trung Quốc.\r\n\r\nCăng thẳng mới nhất trong quan hệ Mỹ - Trung gợi nhớ tới sự việc hồi năm 2018, khi Mỹ và Nga cũng đáp trả lẫn nhau bằng hành động đóng cửa lãnh sự quán, liên quan đến vụ cựu điệp viên hai mang người Nga Sergei Skripal cùng con gái bị đầu độc tại thành phố Salisbury, Anh. Mỹ cáo buộc Nga đứng sau sự việc, song Moskva phủ nhận.\r\n\r\nĐể trừng phạt Nga, cuối tháng 3/2018, chính quyền Mỹ tuyên bố trục xuất 60 nhà ngoại giao Nga và đóng cửa lãnh sự quán Nga tại thành phố Seattle. Hơn 20 quốc gia phương Tây khác cũng ra lệnh trục xuất các nhân viên ngoại giao Nga để \"hưởng ứng\" lời kêu gọi từ phía Anh liên quan cáo buộc Nga đầu độc cựu điệp viên Skripal.\r\n\r\nĐáp lại, Nga tuyên bố trục xuất 150 nhà ngoại giao phương Tây, trong đó có 60 nhân viên ngoại giao Mỹ, và đóng cửa Tổng lãnh sự quán Mỹ tại thành phố St. Petersburg.\r\n\r\nĐầu tháng 9/2017, Mỹ cũng từng yêu cầu Nga đóng cửa Tổng lãnh sự quán ở San Francisco, tòa nhà lãnh sự ở Washington và tòa nhà lãnh sự ở New York. Đây được cho là động thái đáp trả việc Moskva hồi tháng 7 yêu cầu Washington giảm 755 nhân viên ngoại giao, xuống còn 455 người, tương đương với số nhân viên ngoại giao của Nga ở Mỹ, nhằm phản ứng việc lưỡng viện Mỹ thông qua dự luật trừng phạt mới với Nga.\r\n\r\n\"Nó cho thấy sự xói mòn trong mối quan hệ song phương\", Sergey Gladysh, giám đốc điều hành tổ chức phi lợi nhuận Sáng kiến Hợp tác Mỹ - Nga, trụ sở ở Seattle, nhận xét về động thái đóng cửa lãnh sự quán lẫn nhau ở hai nước.\r\n\r\nTuy nhiên, việc lãnh sự quán bị đóng cửa trước hết ảnh hưởng nặng nề tới người dân. Với việc lãnh sự quán Nga ở San Francisco bị đóng năm 2017, Nga không còn lãnh sự quán nào ở Bờ Tây nước Mỹ. Vậy nên, muốn hoàn thành các thủ tục, hồ sơ, giấy tờ, cộng đồng người Nga ở Seattle phải bay ít nhất 4 tiếng rưỡi tới lãnh sự quán Nga gần nhất ở Houston, Texas, cách Seattle khoảng 3.000 km.\r\n\r\nNhưng ngoài khó khăn liên quan đến việc đi lại, điều khiến cộng đồng người Nga ở Seattle bận tâm hơn là cảm giác mất mát về sự biến mất của một cơ sở ngoại giao tồn tại đã hơn hai thập kỷ. \"Chúng tôi cảm thấy như bị bỏ rơi\", Gladysh nói.\r\n\r\nDù lãnh sự quán Nga gần nhất ở Houston, tất cả hồ sơ, giấy tờ tại các bang từng do lãnh sự quán ở Seattle quản lý, gồm cả các bang có cộng đồng người Nga tương đối lớn như Alaska và California, đều được chuyển về thủ đô Washington.\r\n\r\nMikhail Savvateev, phó chủ tịch tổ chức Sáng kiến Hợp tác Nga - Mỹ, hồi tháng 4/2018 nhận ra hộ chiếu Nga của mình sắp hết hạn. Bình thường, ông chỉ cần ngồi xe buýt ghé qua tòa nhà lãnh sự quán ở Seattle để gia hạn. Nhưng nay, ông phải bay tới Washington và chi hàng trăm USD để hoàn thành mọi thủ tục cần thiết.\r\n\r\n\"Nó làm mọi chuyện trở nên phức tạp\", Savvateev nói. \"Nếu giấy tờ chẳng may không thuận lợi sẽ là một vấn đề lớn\".\r\n\r\nVới nhiều người Nga ở Mỹ, tòa nhà Samuel Hyde, địa điểm từng là nơi lưu trú của các nhà ngoại giao Nga ở Seattle, là một trung tâm cộng đồng. Đây là nơi những người Nga trẻ tuổi có thêm hiểu biết về quê hương và là nơi những cựu binh Nga từng chiến đấu ở Mặt trận phía Đông hay sống sót qua trận Leningrad được tôn vinh.\r\n\r\nNhững người Nga cao tuổi không biết sử dụng máy tính hay điện thoại thông minh tìm đến lãnh sự quán để có thêm thông tin và khi nó biến mất, việc cập nhật các sự kiện hay những thay đổi mới đối với họ dường như là điều bất khả thi, Yelena Mushkatina, giám đốc phụ trách chăm sóc lão khoa tại trung tâm y tế Jewish Family Services, cho hay.\r\n\r\nLãnh sự quán đóng cửa đồng nghĩa họ cũng mất đi \"sự chăm sóc về tinh thần\", Mushkatina nói thêm.',1,2,1,'2020-07-25 00:00:00','2020-08-12 05:13:53',5,0,'https://i1-vnexpress.vnecdn.net/2020/07/24/jrussia-consulate-seattle-8482-1595583784.jpg?w=1020&h=0&q=100&dpr=1&fit=crop&s=GEkFT7C9X2IMnGjQwldrWg','Cổng lãnh sự quán Nga tại Seattle, Mỹ, hồi cuối tháng 4/2018. Ảnh: Reuters.',NULL),(17,5,'Trung Quốc \'tiến thoái lưỡng nan\' đáp trả Mỹ','Bắc Kinh tuyên bố đáp trả hành động đóng cửa lãnh sự quán Trung Quốc ở Houston của Mỹ, nhưng chắc chắn không muốn \"đoạn tuyệt\" với Washington.',1,2,1,'2020-07-24 19:00:00','2020-08-11 14:36:22',1,0,'https://i1-vnexpress.vnecdn.net/2020/07/24/my-trung-1-9626-1595574408.jpg?w=1020&h=0&q=100&dpr=1&fit=crop&s=wJoINfHcHi5xypVR42GBnA','Chủ tịch Tập Cận Bình đến Rome trong chuyến thăm châu Âu hồi tháng 3/2019. Ảnh: AFP.',NULL),(18,6,'Dẫn độ nghi phạm vụ 39 thi thể người Việt trong container','Eamonn Harrison, 23 tuổi, bị dẫn độ từ Ireland sang Anh để hầu toà với cáo buộc ngộ sát 39 người Việt trong container năm ngoái.',1,2,1,'2020-07-24 09:43:00','2020-08-11 14:43:16',1,0,'https://i1-vnexpress.vnecdn.net/2020/07/24/55631774a-39-thi-the-trong-con-8683-5833-1595557310.jpg?w=1020&h=0&q=100&dpr=1&fit=crop&s=oomjtC0Sj8sW5zQ2_ArG_A','Cảnh sát đưa container chứa 39 người Việt rời khỏi hiện trường ở hạt Essex, Anh, ngày 23/10/2019. Ảnh: PA.',NULL),(19,7,'Dơi chết trong bát súp, gia đình Vũ Hán vội đi xét nghiệm','Một gia đình ở Vũ Hán vội vàng xét nghiệm nCoV sau khi phát hiện con dơi chết trong bát súp mua từ một nhà hàng.',1,2,1,'2020-07-24 11:50:00','2020-08-11 14:42:52',1,0,'https://i1-vnexpress.vnecdn.net/2020/07/24/31100922-8552069-image-a-13-15-8485-7815-1595562398.jpg?w=1020&h=0&q=100&dpr=1&fit=crop&s=5rgu0zUkDCidfM-7PT_pZg','Con dơi đen được gia đình anh Trần phát hiện ở phần còn lại của bát súp. Ảnh: Hubei TV',NULL),(20,8,'Tham vọng phát triển lực lượng đổ bộ của Trung Quốc','Trung Quốc hạ thủy tàu sân bay trực thăng mới, phát triển thủy quân lục chiến để phô diễn sức mạnh và tăng khả năng cạnh tranh với Mỹ.\r\n\r\nTrung Quốc bắt đầu cải tổ quân đội vào giữa thập niên 1990 với ưu tiên chính là chặn Mỹ từ xa bằng cách biến vùng biển quanh Trung Quốc thành \"bẫy tử thần\" nhờ chiến lược chống tiếp cận/chống xâm nhập khu vực (A2/AD). Quân Giải phóng Nhân dân Trung Quốc (PLA) giờ đây đang nuôi tham vọng thách thức lực lượng Mỹ ở những nơi xa hơn.\r\n\r\nTrung Quốc đã hạ thủy tàu sân bay trực thăng Type-075 đầu tiên và đang chế tạo chiếc thứ hai, đóng vai trò là mũi nhọn tiên phong cho lực lượng viễn chinh tương tự Thủy quân Lục chiến Mỹ. Lực lượng mới của Trung Quốc được cho sẽ có khả năng triển khai độc lập với toàn bộ vũ khí hỗ trợ để chiến đấu trong các cuộc xung đột ở nơi xa xôi hoặc phô trương sức mạnh của PLA.\r\n\r\nTruyền thông nhà nước Trung Quốc dẫn lời các chuyên gia quân sự nói nhà máy đóng tàu của nước này đang chế tạo và hạ thủy những chiếc tàu đổ bộ rất nhanh chóng và dễ dàng.\r\n\r\n***<paragraph/>***\r\nCạnh tranh quân sự Mỹ - Trung ngày càng trở nên gay gắt. Lực lượng đổ bộ mới được thành lập của Trung Quốc thua xa Mỹ về quy mô, nhưng tốc độ phát triển quân sự của nước này trong những năm gần đây đang dần làm thay đổi cán cân quyền lực ở châu Á.\r\n\r\nTrong hai thập kỷ qua, Trung Quốc triển khai số lượng khổng lồ tên lửa, tàu ngầm và chiến hạm mặt nước để ngăn đối thủ tiếp cận vùng biển ven bờ. Nhưng nay, với chương trình hiện đại hóa PLA do Chủ tịch Trung Quốc Tập Cận Bình khởi xướng, các tàu đổ bộ mới cùng lực lượng thủy quân lục chiến được huấn luyện đặc biệt sẽ tăng cường sức mạnh quân sự cùng tầm ảnh hưởng chính trị của Trung Quốc tới những nơi xa hơn, giới chuyên gia nhận định.\r\n\r\nBinh chủng thủy quân lục chiến thuộc hải quân Trung Quốc được mở rộng trong lúc các tàu sân bay trực thăng Type-075 được chế tạo. Quân đội Mỹ và lực lượng phòng vệ Nhật Bản ước tính thủy quân lục chiến Trung Quốc đang có khoảng 35.000 binh sĩ, tăng mạnh so với quân số 10.000 người năm 2017.\r\n\r\n\"Bất cứ quân đội nào không có lực lượng đổ bộ sẽ bị hạn chế về địa điểm và cách thức triển khai tác chiến\", cựu đại tá thủy quân lục chiến Mỹ Grant Newsham nói. \"Máy bay có thể trút bom và tàu thuyền có thể phóng tên lửa lên bờ, nhưng bạn cần lính đổ bộ để tiêu diệt kẻ thù và kiểm soát mặt đất\".\r\n\r\nBộ Quốc phòng Trung Quốc và Lầu Năm Góc không bình luận về thông tin trên.\r\n\r\nThủy quân lục chiến đóng vai trò quan trọng trong nỗ lực giới thiệu lực lượng PLA \"ngày càng hùng mạnh\" với công chúng trong nước của giới chức Trung Quốc.\r\n\r\nTruyền thông Trung Quốc thường xuyên đưa tin về những đợt diễn tập gian khổ cùng những kỹ năng chiến đấu của các đặc nhiệm Giao Long, một đơn vị thuộc lữ đoàn đặc nhiệm thủy quân lục chiến đóng trên đảo Hải Nam.\r\n\r\n\"Chúng tôi sẽ là mũi kiếm đâm sâu vào tim kẻ thù trong các chiến dịch hiệp đồng tác chiến\", chỉ huy đại đội đặc nhiệm Giao Long Gong Kaifeng nói.\r\n\r\n***<paragraph/>***\r\nGiới chuyên gia nhận định Trung Quốc có thể kết hợp các tàu sân bay trực thăng lớp Type-075 với tàu đổ bộ và hỗ trợ mới khác khi chúng đi vào hoạt động. Các đội tàu độc lập này có thể được điều tới những địa điểm xung đột xa bờ biển Trung Quốc, đóng vai trò phô diễn sức mạnh hoặc bảo vệ các khoản đầu tư cùng công dân ở nước ngoài.\r\n\r\nCác đội tàu trên còn cho phép PLA tham gia cứu trợ thiên tai và hỗ trợ nhân đạo nhằm cạnh trạnh với Mỹ trong nỗ lực xây dựng uy tín lẫn quyền lực mềm.\r\n\r\nCác lực lượng đổ bộ mới cũng góp phần tăng năng lực triển khai binh sĩ của PLA lên đảo Đài Loan hoặc những khu vực chiến lược quan trọng ngoài khơi trong trường hợp nổ ra xung đột, các chuyên gia về chiến tranh đổ bộ nhận định.\r\n\r\nTrung Quốc coi Đài Loan là một tỉnh chờ thống nhất. Chủ tịch Tập Cận Bình từng tuyên bố thống nhất Đài Loan với đại lục là \"bước tiến quan trọng trong thực hiện giấc mơ của dân chúng về chấn hưng quốc gia\".\r\n\r\nTrong bài phát biểu hồi đầu năm 2019, ông Tập cho rằng vấn đề thống nhất Đài Loan không thể bị trì hoãn vô thời hạn. \"Chúng tôi không hứa sẽ từ bỏ việc sử dụng vũ lực và bảo lưu lựa chọn thống nhất bằng mọi giá nếu cần\", ông Tập nói.\r\n\r\nTrung Quốc năm nay đẩy mạnh các hoạt động quân sự và tập trận quanh đảo Đài Loan. Các máy bay quân sự của PLA, trong đó có oanh tạc cơ Xian H-6 cùng tiêm kích J-10 và Su-30, nhiều lần tiến vào vùng nhận dạng phòng không (AIDZ) của hòn đảo.\r\n\r\nLực lượng phòng vệ Đài Loan cho biết có tuần máy bay quân sự Trung Quốc áp sát hòn đảo đến 8 lần, buộc họ điều tiêm kích và trinh sát cơ đối phó.\r\n\r\n***<paragraph/>***\r\nĐài Loan tổ chức diễn tập phòng thủ Hán Quang ngày 13-17/7, với sự tham gia của các lực lượng trên biển, trên bộ và trên không. Cuộc diễn tập còn đóng vai trò quan trọng với lực lượng dự bị của Đài Loan khi hòn đảo nâng cao năng lực phòng thủ, giới chức địa phương cho biết.\r\n\r\n\"Lực lượng của chúng tôi luôn làm hết sức mình để chuẩn bị cho tình huống chiến tranh, theo dõi chặt chẽ hoạt động điều quân của PLA và diễn biến tình hình eo biển\", cơ quan phòng vệ Đài Loan cho biết trong một thông cáo. \"Chúng tôi có kế hoạch phòng thủ hoàn chỉnh và các hành động thích hợp để đối phó nguy cơ Trung Quốc đại lục tấn công Đài Loan cùng các nhóm đảo ngoài khơi, nhằm đảm bảo an ninh tại đây\".\r\n\r\nGiới chuyên gia cho biết PLA đã có những đơn vị quân đội thiện chiến được huấn luyện và trang bị để triển khai chiến dịch đánh chiếm Đài Loan. Với việc mở rộng lực lượng thủy quân lục chiến, các chỉ huy PLA đang xem xét mở rộng hoạt động cấp toàn cầu, tới những nơi Trung Quốc có khoản đầu tư lớn ra nước ngoài.\r\n\r\nNhững lợi ích thương mại này có thể tăng lên nhiều lần khi Bắc Kinh thúc đẩy Sáng kiến Vành đai và Con đường, nỗ lực đầy tham vọng để đưa Trung Quốc thành trung tâm của các tuyến giao thương toàn cầu.\r\n\r\nLính thủy đánh bộ được coi là lực lượng quan trọng với mạng lưới căn cứ quân sự chiến lược mà Trung Quốc triển khai khắp thế giới. Trung Quốc điều lính thủy đánh bộ và thiết giáp tới căn cứ nước ngoài đầu tiên tại Djibouti, quốc gia nằm sát cửa ngõ Biển Đỏ và vịnh Aden, theo báo cáo của Lầu Năm Góc. Thủy quân lục chiến Trung Quốc cũng có mặt trên các đội tàu tham gia chống cướp biển tại vịnh Aden.\r\n\r\nGiới chuyên gia nhận định Trung Quốc có thể sử dụng các lực lượng đổ bộ làm công cụ ngoại giao hoặc gây ảnh hưởng. Mỹ hiện là quốc gia duy nhất áp dụng cách triển khai này khi thường xuyên đưa các đơn vị viễn chinh ra nước ngoài thăm cảng, diễn tập chung và cứu trợ thảm họa.\r\n\r\nCác đội tàu viễn chinh của Mỹ chở theo thủy quân lục chiến với khí tài hạng nặng cùng những đơn vị yểm trợ trên không hiện diện ở cảng biển nước ngoài được coi lời nhắc nhở về sức mạnh của nước này.\r\n\r\nNăm 1999, lực lượng gìn giữ hòa bình do Australis đứng đầu can thiệp để ngăn bạo lực ở Đông Timor, khi đó do Indonesia kiểm soát. Lực lượng Mỹ không đổ bộ lên mặt đất, song sự hiện diện của tàu đổ bộ tấn công USS Belleau Wood với 900 lính thủy đánh bộ và nhiều trực thăng giúp lực lượng gìn giữ hòa bình nhanh chóng khôi phục trật tự ở Đông Timor mà không vấp phải sự kháng cự.\r\n\r\nHai tàu sân bay trực thăng Type-075 đầu tiên của Trung Quốc hiện neo đậu tại nhà máy đóng tàu Thượng Hải để hoàn thiện. Ảnh do truyền thông Trung Quốc công bố và ảnh vệ tinh cho thấy các chiến hạm dài 250 m có boong phẳng giống tàu đổ bộ tấn công của các nước khác, trong đó có Mỹ. Mỹ hiện sở hữu 8 tàu đổ bộ tấn công lớp Wasp và ba tàu lớp America.\r\n\r\nTuy nhiên, sự cố cháy tàu USS Bonhomme Richard hôm 12/7 là đòn giáng mạnh vào nỗ lực kìm chế thách thức từ Trung Quốc của hải quân Mỹ. Chiến hạm Bonhomme Richard bị hư hại nặng nề sau vụ cháy kéo dài hơn 4 ngày và chưa rõ hải quân Mỹ có sửa chữa con tàu để tiếp tục hoạt động hay không.\r\n\r\n***<paragraph/>***\r\nTrung Quốc đã chế tạo 6 tàu đổ bộ Type-071 từ năm 2015, theo báo cáo của Cơ quan Tình báo Quốc phòng Mỹ (DIA) năm ngoái. Tàu đổ bộ Type-071 có thể mang theo 4 tàu đệm khí, nhiều thiết giáp và ít nhất 4 trực thăng trong một đợt triển khai dài ngày. Các chuyên gia cho biết tàu đổ bộ Type-071 thứ bảy đang được chế tạo.\r\n\r\nTruyền thông Trung Quốc đưa tin tàu đổ bộ Type-071 có lượng giãn nước 29.000 tấn, đóng vai trò trung tâm chỉ huy và kiểm soát, trung tâm y tế và chở được hàng trăm lính thủy đánh bộ. Các tàu Type-071 dài 210 m, có tầm hoạt động hơn 18.500 km với tốc độ hơn 40 km/h, theo kết quả các cuộc thử nghiệm.\r\n\r\nĐể xây dựng đội ngũ vận hành các con tàu này, Trung Quốc nhanh chóng tăng quy mô lực lượng hải quân từ năm 2017, theo một báo cáo của Lầu Năm Góc. Nhiều thập kỷ trước đó, thủy quân lục chiến là ưu tiên thấp khi quân đội Trung Quốc duy trì lực lượng lục quân khổng lồ để bảo vệ đại lục.\r\n\r\nTrung Quốc thành lập trung đoàn thủy quân lục chiến đầu tiên năm 1953 rồi mở rộng lên cấp sư đoàn, song đơn vị bị giải thể năm 1957. Trung Quốc tái lập thủy quân lục chiến năm 1979.\r\n\r\nDIA cho biết thủy quân lục chiến của Trung Quốc gồm 7 lữ đoàn gồm các đơn vị tăng thiết giáp, bộ binh, pháo binh và tên lửa. Tuy nhiên, Trung Quốc không tiết lộ về thành phần và nơi triển khai của các đơn vị này.\r\n\r\nTruyền thông Trung Quốc đưa tin binh sĩ tại các đơn vị của PLA đang được tuyển mộ để đưa vào thủy quân lục chiến nhằm tăng cường năng lực tác chiến của lực lượng. PLA Daily, cơ quan ngôn luận của quân đội Trung Quốc, hồi tháng 4 đưa tin hai đơn vị lính dù được chuyển tới một lữ đoàn thủy quân lục chiến chuyên đổ bộ từ trực thăng.\r\n\r\nBáo cáo năm 2018 của Lầu Năm Góc cho biết một bộ chỉ huy thuộc hải quân Trung Quốc được thành lập, chịu trách nhiệm biên chế, huấn luyện và trang bị cho lực lượng viễn chinh. Thiếu tướng Khổng Quân được bổ nhiệm làm tư lệnh thủy quân lục chiến Trung Quốc hồi đầu năm 2017.\r\n\r\nTuy nhiên, giới chuyên gia quân sự cho rằng bất chấp nỗ lực xây dựng trong nhiều năm qua, năng lực của lính thủy đánh bộ Trung Quốc vẫn kém hơn nhiều so với thủy quân lục chiến Mỹ, đội quân viễn chinh 186.000 người có kinh nghiệm dày dặn trong tác chiến trên biển và đổ bộ.\r\n\r\nLầu Năm Góc nhận định hầu hết các lữ đoàn thủy quân lục chiến Trung Quốc chưa có đủ nhân lực và trang bị để hoạt động đầy đủ. \"Thủy quân lục chiến Trung Quốc thiếu thiết giáp và trực thăng, chưa được huấn luyện đủ để triển khai các hoạt động đổ bộ phức tạp\", báo cáo năm 2019 của Lầu Năm Góc cho biết.\r\n\r\nMột số chuyên gia cho rằng nguyên nhân xuất phát từ ưu tiên hàng đầu của PLA khi lên kế hoạch tấn công đảo Đài Loan là các đơn vị trên biển và lực lượng lính dù. \"Do đó lính thủy quân lục chiến Trung Quốc không được ưu tiên về thiết giáp lội nước và trực thăng\", Phó giám đốc Viện Đề án 2049 Ian Easton nhận định.',1,2,1,'2020-07-25 01:00:00','2020-08-12 05:10:16',1,0,'https://i1-vnexpress.vnecdn.net/2020/07/22/5563184758a-tau-san-bay-truc-t-1244-4423-1595408411.jpg?w=1020&h=0&q=100&dpr=1&fit=crop&s=Ajfbuuk8cZ3A4tOBV0eY8g***<paragraph/>***https://i1-vnexpress.vnecdn.net/2020/07/22/5563184758d-tau-san-bay-truc-t-1814-1158-1595408411.jpg?w=1020&h=0&q=100&dpr=1&fit=crop&s=7FlwEBimnmfOrDRNYLSJbA***<paragraph/>***https://i1-vnexpress.vnecdn.net/2020/07/22/5563184758c-thuy-quan-luc-chie-4012-9941-1595408411.jpg?w=1020&h=0&q=100&dpr=1&fit=crop&s=YJ8YiWzpx96V7asyP458AA***<paragraph/>***https://i1-vnexpress.vnecdn.net/2020/07/22/5563184758e-tau-san-bay-truc-t-7073-4508-1595408411.jpg?w=1020&h=0&q=100&dpr=1&fit=crop&s=XGIJ7YjTJzF1zASCEDahlA','Tàu sân bay trực thăng Type-075 trong lễ hạ thủy, tháng 9/2019. Ảnh: PLA.\r\n\r\n***<paragraph/>***Kết cấu tàu sân bay trực thăng Type-075 của Trung Quốc. Đồ họa: Reuters.\r\n\r\n***<paragraph/>***Thủy quân lục chiến Trung Quốc huấn luyện tại tỉnh Quảng Đông hồi năm 2017. Ảnh: Reuters.\r\n\r\n***<paragraph/>***Hai tàu sân bay trực thăng Type-075 và tàu đổ bộ tấn công Type-071 tại nhà máy đóng tàu ở Thượng Hải, ngày 1/4. Ảnh: Reuters.',NULL),(21,113,'Đà Nẵng nâng cấp độ cách ly toàn thành phố','Huyện Hòa Vang là nơi cuối cùng ở Đà Nẵng thực hiện cách ly xã hội 14 ngày theo chỉ thị 16, từ 13h chiều nay.\r\n\r\nQuyết định cách ly xã hội tại huyện Hòa Vang, nơi chủ yếu là nông thôn, với dân số gần 130.000 người, được UBND TP Đà Nẵng ban hành sáng 28/7.\r\n\r\nLãnh đạo thành phố yêu cầu huyện Hòa Vang thực hiện \"gia đình cách ly với gia đình, thôn cách ly với thôn, xã cách ly với xã, quận, huyện cách ly với quận, huyện\".\r\n\r\n***<paragraph/>***\r\nĐây là đơn vị hành chính cấp huyện cuối cùng có dân cư ở Đà Nẵng thực hiện cách ly xã hội. Trước đó từ 0h ngày 28/7, thành phố đã quyết định áp dụng các biện pháp cách ly xã hội với 6 quận, quy mô hơn một triệu dân.\r\n\r\nNgười dân Đà Nẵng được kêu gọi ở nhà, chỉ ra ngoài trong trường hợp thực sự cần thiết, như cấp cứu, mua lương thực, thực phẩm, làm việc tại nhà máy; giữ khoảng cách tối thiểu 2 mét khi giao tiếp.\r\n\r\nNgoài việc yêu cầu đeo khẩu trang, sát khuẩn tại nơi công cộng, thành phố yêu cầu người dân không tập trung quá 2 người ngoài phạm vi công sở, trường học, bệnh viện, nơi công cộng.\r\n\r\nĐà Nẵng cũng dừng hoạt động các tuyến vận tải hành khách cố định trên địa bàn; dừng hoạt động xe taxi, xe hợp đồng, xe du lịch, xe điện; xe buýt nội thành; tàu thuyền du lịch. 23h đêm qua, chuyến xe khách cuối cùng đã đưa người rời thành phố.\r\n\r\nAnh Phạm Minh Thế, 41 tuổi, trú tại xã Hòa Phước, huyện Hoà Vang, cho biết sáng nay đường quốc lộ 1A đi qua trước nhà đã vắng vẻ khác thường, chủ yếu xe tải lưu thông. Một số hộ dân trên địa bàn huyện vẫn mở cửa bán cà phê, nhưng đến chiều nay sẽ phải đóng theo lệnh cách ly.\r\n\r\n\"Chiều nay gia đình tôi đi chợ mua thêm đồ ăn để hạn chế đi ra ngoài đường những ngày tới. Tôi cũng thường xuyên đeo khẩu trang để tự bảo vệ mình\", anh Thế nói.\r\n\r\n***<paragraph/>***\r\nGhi nhận trong sáng nay, đường phố Đà Nẵng vắng vẻ hơn một ngày trước đó. Hầu hết cửa hàng kinh doanh mặt hàng không thiết yếu đã đóng cửa, chỉ còn những cửa hàng ăn uống bán mang về. Bãi biển vắng khách, nhiều khách sạn thông báo không đón khách...\r\n\r\nTrước đó chiều 27/7, Bộ Y tế thông báo đã ghi nhận thêm 11 ca dương tính nCoV, đều là người ở Đà Nẵng, trong đó có 4 y bác sĩ Bệnh viện Đà Nẵng. Trong ba ngày qua, thành phố ghi nhận 15 ca nhiễm nCoV cộng đồng. Riêng Đà Nẵng ghi nhận 14 ca, Quảng Ngãi một ca.',1,2,1,'2020-07-28 06:29:43','2020-08-12 04:51:09',1,0,'https://i1-vnexpress.vnecdn.net/2020/07/28/hoavang-7846-1595912807.jpg?w=1020&h=0&q=100&dpr=1&fit=crop&s=PewVM_aFNrKbUWtlQVcV1Q***<paragraph/>***https://i1-vnexpress.vnecdn.net/2020/07/28/hoang-2787-1595912807.jpg?w=1020&h=0&q=100&dpr=1&fit=crop&s=oBXFfK3LQ-lqwffyL6-gJA','Đường quốc lộ 1A qua huyện Hoà Vang vắng vẻ trưa 28/7. Ảnh: Minh Thế.\r\n***<paragraph/>***\r\nNhân viên y tế ở Đà Nẵng đi nhắc nhở người dân đeo khẩu trang, sát khuẩn để phòng chống dịch. Ảnh: Nguyễn Đông.',NULL),(22,1,'Máy bay, tàu xe đến Đà Nẵng tiếp tục dừng hoạt động','Các chuyến bay nội địa, tàu xe đến và đi từ Đà Nẵng tiếp tục dừng hoạt động, theo chỉ đạo của Bộ Giao thông Vận tải ngày 11/8.\r\n\r\nCục Hàng không VN được giao đề nghị các hãng bay tiếp tục dừng hoạt động chuyến bay chở khách đến và đi từ Đà Nẵng từ 0h ngày 12/8, cho đến khi có thông báo mới. Cơ quan này sẽ bố trí chuyến bay hỗ trợ khách du lịch đang kẹt ở Đà Nẵng về Hà Nội và TP HCM trong các ngày tới.\r\n\r\nNgoài ra, Bộ Giao thông Vận tải cũng yêu cầu các hãng hàng không giảm tần suất bay đến sân bay Chu Lai theo đề nghị của tỉnh Quảng Nam, để phòng ngừa dịch bệnh lây lan.\r\n\r\nTương tự, các tuyến vận tải khách cố định liên tỉnh, nội tỉnh, xe hợp đồng, xe du lịch, taxi, xe buýt cũng tiếp tục tạm dừng hoạt động. Các xe liên tỉnh đi qua Đà Nẵng không được dừng, đỗ tại đây để đón trả khách.\r\n\r\nNgành đường sắt được giao tiếp tục dừng hoạt động tàu khách xuất phát và kết thúc tại ga Đà Nẵng. Tàu Thống Nhất chạy qua đây cũng không được dừng đón trả khách.\r\n\r\nMáy bay chở hàng hóa, các loại tàu hàng, xe chở hàng hóa được hoạt động bình thường.\r\n\r\n***<paragraph/>***\r\nViệc tạm dừng hoạt động của các phương tiện vận tải khách do tình hình dịch Covid-19 tại Đà Nẵng diễn biến phức tạp. Hôm nay, chính quyền TP Đà Nẵng quyết định tiếp tục cách ly xã hội toàn thành phố theo chỉ thị 16 từ 0h ngày 12/8.\r\n\r\nLần giãn cách xã hội tại Đà Nẵng trước đó bắt đầu từ 0h ngày 28/7. Cùng thời điểm này, Bộ Giao thông Vận tải chỉ đạo tạm dừng các phương tiện vận tải chở khách đến và đi từ Đà Nẵng, kéo dài trong 15 ngày.\r\n\r\nTừ 25/7 đến nay, Đà Nẵng ghi nhận 273 ca mắc nCoV, trong đó 4 người đã được xuất viện, 12 người tử vong. Hơn 10.000 trường hợp F1 phải cách ly tại cơ sở y tế và khu cách ly tập trung, nhiều khu dân cư, trung tâm y tế tuyến quận bị phong toả. Hơn 51.000 người đã được lấy mẫu sàng lọc nCoV.',1,2,1,'2020-07-28 12:12:30','2020-08-12 04:48:48',1,0,'https://i1-vnexpress.vnecdn.net/2020/08/11/san-bay-1546-1595857524-9197-1597154769.jpg?w=1020&h=0&q=100&dpr=1&fit=crop&s=5DGESjZqP2FZSieFamRElQ','Sân bay Đà Nẵng vắng vẻ trước thời điểm dừng các chuyến bay tối 27/7. Ảnh: Anh Duy.',NULL),(23,1,'Bến xe Miền Đông mới hoạt động từ 15/8','TP HCMSau nhiều lần trễ hẹn, Bến xe Miền Đông mới sẽ khai thác giai đoạn 1 từ ngày 15/8, với 71 tuyến cố định cự ly từ 1.100 km trở lên.\r\n\r\nBộ Giao thông Vận tải ngày 28/7 cho biết đã thống nhất đề nghị của Sở Giao thông Vận tải TP HCM về việc công bố danh mục tuyến vận tải hành khách hoạt động tại Bến xe Miền Đông mới (quận 9, TP HCM và TP Dĩ An, Bình Dương).\r\n\r\nVới sự chấp thuận này, 71 tuyến xe khách cố định từ Bến xe Miền Đông hiện hữu (quận Bình Thạnh) sẽ dời qua bến xe mới từ ngày 15/8. Các tuyến vẫn giữ nguyên lưu lượng, hành trình, đơn vị khai thác để đảm bảo nhu cầu đi lại của người dân.\r\n\r\n***<paragraph/>***\r\nBáo cáo UBND TP HCM hôm 16/7, bà Tăng Thị Thu Lý, Phó tổng giám đốc Tổng công ty cơ khí giao thông vận tải Sài Gòn TNHH MTV (Samco, chủ đầu tư) cho biết, dự án bến xe mới đã hoàn thành giai đoạn một, đạt quy chuẩn bến xe khách loại 1 (lớn nhất trong 6 loại bến xe khách hiện nay). Ở giai đoạn này, bến đủ điều kiện khai thác tuyến cố định cự ly từ 1.100 km trở lên, tính từ tỉnh Quảng Trị trở ra Bắc.\r\n\r\nHiện, Sở Giao thông Vận tải lên phương án điều chỉnh một số tuyến xe buýt kết nối với bến xe mới, đặc biệt là từ Bến xe Miền Đông hiện hữu nhằm tạo thuận lợi cho hành khách đi lại thời gian đầu. Dự kiến, các tuyến buýt số 55, 76, 150 và các tuyến không trợ giá số 602, 611 kết nối đến bến xe này.\r\n\r\nBến xe Miền Đông mới khởi công tháng 4/2017 trên diện tích 16 ha, với tổng vốn đầu tư khoảng 4.000 tỷ đồng, trong đó giai đoạn một khoảng 740 tỷ đồng. Công trình gồm khu A là bến bãi, công trình công cộng (chiếm hơn 76% tổng diện tích); khu B trạm xe buýt (cao 2 tầng); khu C kho trung chuyển và giao dịch hàng hóa (cao 5 tầng); khu D thương mại dịch vụ (cao 15 tầng). Riêng nhà ga được xây dựng với kết cấu gồm 2 tầng hầm và 4 tầng nổi.\r\n\r\n***<paragraph/>***\r\nToàn bộ công trình được thiết kế theo kiến trúc hiện đại, trở thành bến xe lớn nhất nước, có thể phục vụ hơn 7 triệu lượt hành khách mỗi năm. Bến xe sẽ góp phần giảm kẹt xe khu trung tâm thành phố, đặc biệt khu vực Bến xe Miền Đông cũ đang quá tải.\r\n\r\nTrước đó, kế hoạch Bến xe Miền Đông mới đưa vào khai thác cuối tháng 4 nhưng bị hoãn lại do ảnh hưởng Covid-19.',1,2,1,'2020-07-28 17:45:00','2020-08-12 04:46:38',1,0,'https://i1-vnexpress.vnecdn.net/2020/07/28/Khu-Dong-Saigon-6-1593674302-1547-1595931336.jpg?w=1020&h=0&q=100&dpr=1&fit=crop&s=C0jPKUoZTK_jkaPD7a-vlA***<paragraph/>***https://i1-vnexpress.vnecdn.net/2020/07/28/Khu-Dong-Saigon-5-1593674301-7875-1595933038.jpg?w=1020&h=0&q=100&dpr=1&fit=crop&s=2TOfL34HY7mnsxEzgx5ftA','Phía trước của Bến xe Miền Đông mới. Ảnh: Hữu Khoa.\r\n***<paragraph/>***\r\nBến xe Miền Đông mới hồi đầu tháng 7. Ảnh: Hữu Khoa.',NULL),(24,1,'Đóng cầu Thăng Long để đại tu','HÀ NỘINhà chức trách lập rào chắn hai đầu cầu Thăng Long để bắt đầu đợt sửa chữa quy mô lớn, sáng 28/7.\r\n\r\n***<paragraph/>***\r\nTừ 9h, hai đầu cầu được rào chắn. Đại diện nhà thầu thi công và Tổng cục Đường bộ Việt Nam đặt các cọc tiêu cao 50 cm, cùng biển báo công trường thi công, biển chỉ dẫn hướng đi cho phương tiện.\r\n\r\nTổ cảnh sát và thanh tra giao thông Hà Nội hơn 10 người phân luồng, hướng dẫn phương tiện tại hai đầu cầu. Ôtô đi từ trung tâm thành phố ra ngoại thành và ngoại thành vào được chỉ dẫn thay đổi lộ trình theo đường Phạm Văn Đồng vào khu đô thị Tây Hồ Tây, qua Võ Chí Công, cầu Nhật Tân và ngược lại.\r\n\r\nViệc cấm cầu ngoài khung giờ cao điểm nên trên đường Phạm Văn Đồng, cầu Nhật Tân và Võ Chí Công không bị ùn tắc.\r\n\r\n***<paragraph/>***\r\nQuá trình cấm tầng 2 cầu Thăng Long, các phương tiện như xe máy, xe thô sơ qua lại dưới tầng một; tàu hỏa được phép chạy, tuy nhiên phải giảm tốc độ.\r\n\r\nTheo lãnh đạo Tổng cục Đường bộ Việt Nam, từ hôm nay đến 7/8, việc cấm cầu sẽ giúp các đơn vị điều chỉnh phân luồng cho phù hợp để bắt đầu sửa chữa cầu từ ngày 8/8; dự kiến hoàn thành trong quý IV năm nay.\r\n\r\nHiện mặt cầu Thăng Long xuất hiện hàng trăm vết lồi lõm, đoạn giữa cầu lớp nhựa đã bong, trơ ra tấm thép dưới đáy. Hàng chục mét cầu xuất hiện rãnh sâu, ụ nhựa đường cao hơn 30 cm.\r\n\r\n***<paragraph/>***\r\nTheo phương án sửa chữa, đơn vị thi công sẽ cào bóc sạch lớp bê tông nhựa trên mặt cầu Thăng Long, làm sạch bản mặt thép rồi hàn các đinh neo, lắp đặt lưới thép và đổ một lớp bê tông cường độ cao. Sau đó, mặt cầu được phủ lớp bê tông nhựa tạo nhám. Dự kiến kinh phí dự án sửa chữa cầu là 269 tỷ đồng bằng nguồn bảo trì đường bộ, công trình có tuổi thọ khoảng 10 năm.\r\n\r\nCầu Thăng Long bắc qua sông Hồng, công trình ghi dấu mối quan hệ hữu nghị Việt Nam - Liên Xô, nối liền các tỉnh phía Bắc với thủ đô Hà Nội. Cầu được các chuyên gia Nga thiết kế và xây dựng từ năm 1974, hoàn thành cuối năm 1985. Qua hơn 20 năm sử dụng, cầu nhiều lần xuống cấp và được tu sửa hơn chục lần với kinh phí cả trăm tỷ đồng.',1,2,1,'2020-07-28 11:01:00','2020-08-12 04:44:58',1,0,'https://i1-vnexpress.vnecdn.net/2020/07/28/cau-thang-long-6893-1595908249.jpg?w=1020&h=0&q=100&dpr=1&fit=crop&s=lq5-QiO43k9j8E7qSATr3g***<paragraph/>***https://i1-vnexpress.vnecdn.net/2020/07/28/IMG-4146-5490-1595908249.jpg?w=1020&h=0&q=100&dpr=1&fit=crop&s=SsW2whZnmwiMnqox3U5bPg***<paragraph/>***https://i1-vnexpress.vnecdn.net/2020/07/28/IMG-4200-2240-1595908249.jpg?w=1020&h=0&q=100&dpr=1&fit=crop&s=D81YXkGu42hprJpyFK16wQ','Đại diện các đơn vị thi công bắt đầu rào chắn ở hai đầu cầu Thăng Long lúc 9h sáng ngày 28/7. Ảnh: Phương Sơn\r\n***<paragraph/>***\r\nMặt cầu Thăng Long sáng 28/7 với nhiều vết hằn lún, gồ ghề và ụ nhựa đường. Ảnh: Phương Sơn\r\n***<paragraph/>***\r\nHàng chục mét nhựa dồn ứ và vỡ vụn cao hơn 40 cm trên mặt cầu. Ảnh: Phương Sơn',NULL),(25,2,'1.200 tỷ đồng mở rộng đường về Cà Mau','Quốc lộ Quản Lộ - Phụng Hiệp qua bốn tỉnh Hậu Giang, Sóc Trăng, Bạc Liêu và Cà Mau đang được đầu tư nâng cấp, tổng vốn 1.200 tỷ đồng.\r\n\r\nNgày 23/7, ông Hoàng Tuần Khoát, Phó giám đốc Ban quản lý dự án 7 (Bộ Giao thông Vận tải) cho biết, đơn vị đang triển khai thi mở rộng mặt đường, tuyến quốc lộ Quản Lộ - Phụng Hiệp dài 103 km. Mặt đường sẽ được mở rộng từ 7 m lên 9 m, dự kiến hoàn thành trước Tết Nguyên đán 2021. Ngoài ra, cầu Cái Nhúc 2 (TP Cà Mau) trên quốc lộ này cũng được xây mới.\r\n***<paragraph/>***\r\nCầu dài hơn 232 m, rộng 10,5 m, tổng vốn 70 tỷ đồng, nằm song song với cầu Cái Nhúc hiện hữu, sẽ xong trong 8 tháng. Khi hoàn thành, hai cầu rộng 21 m, 6 làn xe, mở rộng đường vào TP Cà Mau.\r\n\r\nTổng mức đầu tư dự án giai đoạn một là 900 tỷ đồng, giai đoạn hai 300 tỷ đồng, gồm xây dựng hệ thống thoát nước qua các đoạn đông dân cư như thị xã Ngã Năm (Sóc Trăng) và thị trấn Phước Long (Bạc Liêu).\r\n\r\nQuốc lộ Quản Lộ - Phụng Hiệp điểm đầu TP Ngã Bảy (Hậu Giang) và điểm cuối tại TP Cà Mau được đầu tư nhằm \"chia lửa\" với quốc lộ 1, ngắn hơn quốc lộ 1 khoảng 50 km. Tuy nhiên, sau 11 năm đưa vào sử dụng, đường này vừa hẹp, vừa xuống cấp, tiềm ẩn nguy cơ tai nạn. Đây cũng là tuyến đã được Thủ tướng phê duyệt quy hoạch trở thành cao tốc nối từ Cần Thơ về Cà Mau.',1,2,1,'2020-07-23 16:48:00','2020-08-12 04:20:15',1,0,'https://i1-vnexpress.vnecdn.net/2020/07/23/du-an-quan-lo-Phung-Hiep-2784-1595497191.jpg?w=1020&h=0&q=100&dpr=1&fit=crop&s=iTnnfX_f-LcgawY2ZfYtBQ','Quốc lộ Quản Lộ - Phụng Hiệp từ Ngã Bảy về TP Cà Mau. Ảnh: Google Maps.',NULL),(26,2,'Đoạn đường \'thắt cổ chai\' gây tắc nghẽn ở miền Tây','TIỀN GIANGBốn cây cầu nhỏ hẹp trên quốc lộ 1, đang được thi công mở rộng, là nỗi khổ của các tài xế và người dân địa phương nhiều năm qua.\r\n\r\nBà Nguyễn Thị Lệ nhà ở gần cầu Rượu (huyện Châu Thành) chạy xe máy về hướng TP Mỹ Tho đón con trai tan học, chiều 19/7. Khi gần đến cầu, bà phải nhích từng mét bởi hàng trăm ôtô khách, xe tải, container, xe máy bủa vây, kéo dài gần 3 km. \"Chiều nào cũng bị kẹt 2-3 tiếng, tôi đi rước con có hai cây số mà chạy hơn nửa tiếng mới đến\", bà Lệ nói.\r\n\r\n***<paragraph/>***\r\nDo đường tắc nghẽn, một số ôtô chạy lấn vào làn xe hai bánh bóp còi inh ỏi, khiến các xe máy phải leo lên vệ cỏ ven đường. Nhiều xe cứu thương bị lọt vào vòng vây các phương tiện, phải chật vật mới thoát được. Sau cơn mưa, hai bên đường bị xe tải trọng nặng cày nát, xuất hiện nhiều ổ voi nước đọng vũng. Các quán cà phê võng, quán ăn tại đây cũng lâm vào cảnh vắng khách.\r\n\r\n\"Mưa thì lầy lội, nắng thì bụi bay mịt mù. Ngày nào cũng lau chùi, nhưng bụi vẫn bám vào đồ đạc, tôi ngồi nhà mà phải đeo khẩu trang. Mong sớm làm xong cầu để dân bớt khổ\", ông Nguyễn Văn Vịnh, chủ nhà nghỉ gần cầu nói.\r\n\r\nCạnh bên cầu Rượu, bốn công nhân đang dùng xe trộn bêtông đổ phần bó vỉa đường. Hai đầu cầu mới vẫn bị các thanh bêtông chặn ngang cấm xe lưu thông. Phía dưới cầu, đường dân sinh đang thi công dang dở, nước ngập hơn nửa bánh xe. Trong khi khu vực dải phân cách mở gần chân cầu lưu lượng xe giờ cao điểm quá lớn, nên việc qua đường của người dân gặp nhiều khó khăn.\r\n\r\nTheo hướng từ TP HCM về miền Tây, cầu Rượu cùng với cầu Sao (huyện Châu Thành), cầu Mỹ Quý (thị xã Cai Lậy) và cầu Rạch Miễu (huyện Cái Bè) nằm trong dự án 200 tỷ đồng, mở rộng từ 12,5 m, hai làn xe lên 20,5 m, 6 làn xe, do Bộ Giao thông Vận tải làm chủ đầu tư. Bốn cầu dài 40-50 m, nằm trên trục đường hơn 50 km, do hẹp dẫn đến tình trạng \"thắt cổ chai\", thường xuyên kẹt xe dịp cuối tuần, lễ, Tết.\r\n\r\nSau gần một năm dự án khởi công, tại cầu Sao công nhân đang thi công hệ thống chiếu sáng, trong khi mặt đường và khe co giãn chưa xong. Cách đó 11 km, cầu Mỹ Quý chỉ mới xong mố trụ cầu, một bên mố đã dừng thi công do vướng mặt bằng. Còn cầu Rạch Miễu đang thi công dầm ngang, mặt cầu, rãnh thoát nước...\r\n\r\n***<paragraph/>***\r\nÔng Trần Văn Bon, Giám đốc Sở Giao thông Vận tải Tiền Giang cho biết, thời gian qua, do lưu lượng xe ngày càng đông nên đã tạo áp lực lớn lên quốc lộ 1, việc thi công sớm bốn cầu sẽ góp phần giải tỏa tình trạng ùn tắc. Dự án dự kiến hoàn thành trong tháng 9 này, nhưng nhiều khả năng một số cầu sẽ chậm tiến độ.\r\n\r\n\"Một số đơn vị thi công quá \'ốm yếu\', năng lực kém, chúng tôi đã làm việc với họ, yêu cầu thực hiện dự án đúng theo thời gian đã đề ra\", ông Bon nói.\r\n\r\nTheo Giám đốc Sở Giao thông Vận tải Tiền Giang, rút kinh nghiệm từ bốn cầu này, đơn vị đã đề xuất Tổng cục Đường bộ, Bộ Giao thông Vận tải chọn lựa nhà thầu đủ năng lực, để thi công mở rộng hai cầu Bà Lâm và cầu Mỹ Đức Tây (huyện Cái Bè) trong năm nay đúng tiến độ. Dự án này có tổng vốn 114 tỷ đồng, sử dụng nguồn vốn trái phiếu Chính phủ, hoàn thành trong năm sau.\r\n\r\nTrả lời VnExpress, lãnh đạo Ban Quản lý dự án 7 (Bộ Giao thông Vận tải) cho hay, các cầu đều đang cố gắng thi công theo đúng tiến độ đề ra. Cầu Rượu và cầu Sao sẽ xong trong tháng 8, cầu Rạch Miễu hoàn thành trong tháng 9.\r\n\r\n\"Riêng cầu Mỹ Quý một phần do giải phóng mặt bằng chậm, cùng với năng lực của đơn vị thi công không tốt, nên sẽ hoàn thành trễ hạn một tháng\", đại diện chủ đầu tư cho biết.\r\n\r\nCuối năm ngoái, hệ thống thoát nước dọc hai bên quốc lộ 1A từ Tiền Giang đến Long An đã được lắp đặt. Mặt đường xuống cấp cũng được thảm nhựa lại. Hiện, Bộ Giao thông Vận tải đang tính toán mở rộng một số cầu khác trên quốc lộ 1 như Bà Đắc, An Cư, Thông Lưu (Cái Bè, Tiền Giang)...',1,2,1,'2020-07-21 13:11:00','2020-08-12 04:18:35',1,0,'https://i1-vnexpress.vnecdn.net/2020/07/20/DSC6145-JPG-9574-1595237274.jpg?w=1020&h=0&q=100&dpr=1&fit=crop&s=GePItAaDe5UdmPBOJMuI5w***<paragraph/>***https://i1-vnexpress.vnecdn.net/2020/07/21/ket-xe-7770-1595307436.jpg?w=1020&h=0&q=100&dpr=1&fit=crop&s=Tt9ViAeCkdntHunUX9ixNg***<paragraph/>***https://i1-vnexpress.vnecdn.net/2020/07/21/Cau-Ruou-3400-1595307437.jpg?w=1020&h=0&q=100&dpr=1&fit=crop&s=17mF9flKLbrT9krgZcqKDg','Chiếc xe cứu thương bị kẹt giữa vòng vây ôtô, xe máy dưới dốc cầu Rượu chiều 19/7. Ảnh: Hoàng Nam.\r\n***<paragraph/>***\r\nCầu Mỹ Quý (thị xã Cai Lậy), một trong bốn cầu hẹp đang được thi công mở rộng trên quốc lộ 1, sáng 21/7. Ảnh: Hoàng Nam.\r\n***<paragraph/>***\r\nTừ cầu Rượu (huyện Châu Thành) đến cầu Rạch Miễu (huyện Cái Bè) trên quốc lộ 1A dài hơn 50 km. Ảnh: Google Maps.',NULL),(27,2,'Cà Mau có tân Bí thư Tỉnh ủy','Ông Nguyễn Tiến Hải, Phó bí thư Tỉnh ủy, Chủ tịch UBND tỉnh Cà Mau, được Bộ chính trị phân công giữ chức Bí thư Tỉnh ủy.\r\n\r\nQuyết định được ông Phạm Minh Chính, Ủy viên Bộ Chính trị, Trưởng ban Tổ chức Trung ương công bố chiều 4/7, tại Cà Mau.\r\n\r\nTrước đó, ngày 25/6, ông Nguyễn Tiến Hải được Ban chấp hành Đảng bộ Cà Mau bầu giữ chức Bí thư Tỉnh ủy nhiệm kỳ 2015-2020, thay cho ông Dương Thanh Bình, 59 tuổi - được bầu làm Ủy viên Ủy ban Thường vụ Quốc hội.\r\n\r\n***<paragraph/>***\r\nÔng Nguyễn Tiến Hải, 55 tuổi, quê Cà Mau, có trình độ thạc sĩ quản lý hành chính công, cử nhân chính trị và đã học lớp bồi dưỡng kiến thức mới cho cán bộ quy hoạch cấp chiến lược của Đảng.\r\n\r\nÔng Hải từng là Phó bí thư Tỉnh đoàn, Chánh văn phòng Tỉnh ủy, Bí thư Huyện ủy Cái Nước, Giám đốc Sở Tư pháp, Phó chủ tịch UBND tỉnh Cà Mau.',1,2,1,'2020-07-04 22:30:00','2020-08-12 04:15:59',1,0,'https://i1-vnexpress.vnecdn.net/2020/07/04/106617793-1168054210229000-328-8754-3790-1593875282.jpg?w=1020&h=0&q=100&dpr=1&fit=crop&s=_D89ejBmzdYCXC_F2d1N2A','Ông Phạm Minh Chính (trái) tặng hoa và trao quyết định cho ông Nguyễn Tiến Hải, tân Bí thư Tỉnh ủy Cà Mau. Ảnh: Khánh Hưng.',NULL),(28,4,'Những \'hình mẫu\' chống Covid-19 đối mặt làn sóng mới','Từng được xem là hình mẫu chống nCoV, Australia, Hong Kong hay Nhật giờ đây đối phó với đợt bùng phát mới, cho thấy thách thức trong cuộc chiến chống dịch.\r\n\r\nAustralia chỉ báo cáo vài ca nhiễm mới hồi đầu tháng 6, trong khi đặc khu Hong Kong của Trung Quốc qua ba tuần không ghi nhận ca nhiễm cộng đồng trong tháng đó. Nhật Bản đã dỡ tình trạng khẩn cấp hồi tháng 5, khi số ca nhiễm mới giảm xuống vài chục người trên cả nước.\r\n\r\nTuy nhiên, cả ba nơi đều báo cáo số ca nhiễm mới hàng ngày tăng trở lại trong tuần qua, cho thấy việc ngăn chặn nCoV khó khăn tới mức nào, ngay cả với những quốc gia, thành phố hành động sớm và quyết đoán.\r\n\r\nDù số ca nhiễm mới ở ba khu vực này vẫn còn nhỏ so với nhiều vùng dịch lớn nhất của thế giới, làn sóng bùng phát mới phản ánh thách thức mà giới chức phải đối mặt khi vừa phải kiểm soát dịch vừa muốn mở cửa nền kinh tế.\r\n\r\nMột bước đi sai có thể nhanh chóng khiến mọi thành quả của nhiều tuần đóng cửa \"đổ sông đổ bể\" và các chuyên gia y tế cho biết thái độ tự mãn hay tâm trạng mệt mỏi vì các biện pháp cách biệt cộng đồng là điều không thể tránh khỏi trong một đại dịch kéo dài.\r\n\r\n***<paragraph/>***\r\nVictoria, bang phía đông nam Australia, đã báo cáo 484 ca nhiễm mới hôm 22/7, mức cao nhất được ghi nhận từ hồi tháng 3. Tới ngày 27/2, số ca nhiễm mới trong ngày của bang tiếp tục tăng lên 532, phần lớn tập trung ở thành phố Melbourne.\r\n\r\n\"Chúng tôi chỉ ghi nhận 2 ca nhiễm hôm 9/6, cách đây chưa tới 6 tuần, và điều này cho thấy các ổ dịch có thể bùng phát và lây lan nhanh như thế nào\", Michael Kidd, quan chức y tế cấp cao Australia, nói.\r\n\r\nBang Victoria đã báo cáo khoảng 7.000 ca nhiễm mới từ ngày 9/6.\r\n\r\nGiám đốc Sở Y tế bang Brett Sutton tháng này cho biết có thể thấy hầu như, không phải tất cả, ca nhiễm mới đều bắt nguồn từ việc các nhân viên tại khách sạn cách ly dành cho người từ nước ngoài trở về đã vi phạm quy tắc kiểm soát dịch. Các ổ dịch từ đó đã xuất hiện trong các trường học, nhà ở công cộng và trung tâm chăm sóc người cao tuổi.\r\n\r\n\"Rõ ràng chúng tôi đã có sai lầm trong việc thực hiện các biện pháp kiểm soát dịch\", Daniel Andrews, thủ hiến bang Victoria, nói hôm 30/6.\r\n\r\nMelbourne, thành phố đông dân thứ hai của Australia, đã đi được nửa chặng đường trong lệnh tái phong tỏa dài 6 tuần. Che mặt hoặc đeo khẩu trang là yêu cầu bắt buộc khi phải ra ngoài vì lý do thiết yếu, nhưng số ca nhiễm mới không ngừng tăng lên.\r\n\r\n\"Chúng tôi từng tiến rất gần tới việc xóa sổ Covid-19 khỏi toàn bộ Australia\", Adrian Esterman, giáo sư về thống kê sinh học tại Đại học Nam Australia, nói. \"Chúng tôi đã lơ là và điều này xảy ra\".\r\n\r\nEsterman thêm rằng nếu số ca nhiễm mới hàng ngày được giữ ở mức hiện tại, các đội theo dõi lịch sử tiếp xúc để xác định đường lây nhiễm sẽ rơi vào tình trạng quá tải.\r\n\r\nNhật Bản cũng đang chứng kiến làn sóng tái bùng phát tương tự. Tại Tokyo, số ca nhiễm mới hàng ngày trung bình trong 7 ngày gần đây là 258 ca, gấp hơn 4 lần so với trước đó. Nhật Bản đã ghi nhận số ca nhiễm kỷ lục vào hôm 23/7 với 981 người. Chính phủ Nhật Bản một lần nữa phải biến khách sạn trở thành khu cách ly cho người nhiễm nCoV, sau khi đã giải phóng hết số phòng từng được trưng dụng trước đó.\r\n\r\nGiới chức cho biết nhiều ca nhiễm mới là người trẻ tuổi, có liên quan tới các khu vui chơi giải trí ban đêm, cũng như các bữa tiệc hoặc sự kiện tụ tập đông người.\r\n\r\nTuần trước, chính phủ Nhật Bản đã thúc đẩy chiến dịch vực dậy du lịch nội địa trị giá 10 tỷ USD, tuy nhiên loại trừ các chuyến đến và đi từ Tokyo.\r\n\r\nKhi được hỏi về làn sóng lây nhiễm thứ hai, người phát ngôn của Thủ tướng Shinzo Abe đã đề cập tới một tuyên bố vào hôm 22/7, trong đó ông Abe bảo vệ chiến lược vừa kiểm soát dịch vừa mở cửa kinh tế của chính phủ.\r\n\r\n\"Tình hình hiện tại rất khác so với những gì chúng ta thấy hồi tháng 4, khi đất nước đang trong tình trạng khẩn cấp, bởi hầu hết ca nhiễm mới đều là người trẻ và bệnh viện chưa bị quá tải\", ông Abe nói. Thủ tướng Nhật Bản thêm rằng chính phủ \"sẽ tiếp tục cảnh giác cao trước các nguy cơ lây lan dịch\", trong khi từng bước mở cửa kinh tế trở lại.\r\n\r\n***<paragraph/>***\r\nĐối mặt với viễn cảnh suy thoái kéo dài sau những cuộc biểu tình kéo dài và sau đó là đại dịch, Hong Kong đã tặng cho mỗi cư dân thường trú 1.290 USD để khuyến khích họ chi tiêu, giúp vực dậy nền kinh tế bị suy thoái.\r\n\r\nGiới chức thành phố ngày 16/6 đã dỡ bỏ hạn chế đối với các nhà hàng, phòng tập gym và sự kiện trọng nhà. Thành phố đã không ghi nhận ca nhiễm mới trong cộng đồng cho đến ngày 5/7.\r\n\r\nTuy nhiên, Hong Kong sau đó đã chứng kiến đợt bùng phát mới và ghi nhận thêm hơn 1.300 ca nhiễm, trong đó 87% là lây nhiễm cộng đồng. Chỉ vài ngày sau khi cư dân nhận được tiền hỗ trợ, thành phố lại phải áp đặt biện pháp hạn chế hoặc đóng cửa đối với các phòng gym, quán bar và nhà hàng.\r\n\r\nChuyên gia dịch tễ học địa phương tin rằng các bước đi sai lầm của chính quyền Hong Kong, như miễn xét nghiệm và cách ly 14 ngày đối với khách nước ngoài thực hiện công việc thiết yếu, như phi công, phi hành đoàn các chuyến bay thương mại và thủy thủ đoàn tàu chở hàng, là nguyên nhân dẫn tới đợt bùng phát mới. Thành phố đã chứng kiến đợt bùng phát đầu tiên do du khách đến từ Vũ Hán hồi cuối tháng 1 và làn sóng thứ hai vào tháng 3, khi nhiều hành khách và sinh viên từ nước ngoài trở về.\r\n\r\nHong Kong sẽ siết chặt các quy định sau đợt bùng phát mới nhất. Bắt đầu từ ngày 29/7, Mỹ sẽ được thêm vào danh sách quốc gia có nguy cơ cao, yêu cầu tất cả hành khách đến từ Mỹ phải có chứng nhận âm tính với nCoV và chứng minh đã cách ly đầy đủ trước khi lên máy bay.\r\n\r\n\"Vấn đề là chúng tôi có quá nhiều người được miễn trừ\", tiến sĩ Leung Chi-chiu, chủ tịch ủy ban cố vấn về bệnh truyền nhiễm thuộc Hiệp hội Y khoa Hong Kong, cho hay. Từ tháng 4 tới giữa tháng 7, ít nhất 161.000 người tới Hong Kong đã được miễn trừ xét nghiệm và cách ly, theo thống kê chính thức.\r\n\r\nGiới chức y tế thành phố xác định một số cụm dịch bùng phát gần đây liên qua tới ít nhất 9 tài xế taxi và gia đình, cùng những người từng tới các nhà hàng. 6 thành viên của 6 tàu chở hàng đến Hong Kong được báo cáo nhiễm nCoV, trong khi yêu cầu xét nghiệm bắt buộc từ ngày 8/7 cũng giúp phát hiện nhiều thành viên của các hãng hàng không dương tính với nCoV.\r\n\r\nNgày 26/7, Hong Kong cho biết đã bắt đầu cấm các tàu chở hàng và chở khách thay thế thủy thủ đoàn, ngoại trừ những người làm nhiệm vụ bốc dỡ hàng trong thành phố.\r\n\r\nChuyên gia bệnh truyền nhiễm Joseph Tsang Kay-yan cho biết tâm lý mệt mỏi cũng là một yếu tố có thể khiến dịch bùng phát, khi cư dân thành phố phải sống với các biện pháp cách biệt cộng đồng trong hơn 6 tháng.\r\n\r\nHầu hết người dân Australia đã tận hưởng một khoảng thời gian khá dài không có lây nhiễm trong cộng đồng.Tốc độ kiểm soát đợt bùng phát đầu tiên tương đối nhanh và tỷ lệ tử vong thấp có thể đã góp phần tạo ra cảm giác tự mãn trước khi đợt bùng phát thứ hai tấn công, bất chấp cảnh báo liên tục từ chính phủ, theo các chuyên gia y tế cộng đồng.\r\n\r\nAndrews, thủ hiến Victoria, tuần trước cho biết gần 90% người dân không tự cách ly từ khi xuất hiện triệu chứng đến lúc làm xét nghiệm. Ngay cả khi đã làm xét nghiệm, hơn 50% người dân cũng không tự cách ly trong lúc chờ kết quả.\r\n\r\n\"Câu trả lời không nằm ở việc giả vờ rằng đại dịch đã qua vì tất cả những gì chúng ta muốn là hết dịch. Trên thực tế, thái độ đó là một phần của vấn đề\", ông nói.',1,2,1,'2020-07-28 00:55:00','2020-08-12 04:14:33',1,0,'https://i1-vnexpress.vnecdn.net/2020/07/28/australia-Covid-19-5508-1595912208.jpg?w=1020&h=0&q=100&dpr=1&fit=crop&s=nc7BfmsMZV1n-GUmZLacYA***<paragraph/>***https://i1-vnexpress.vnecdn.net/2020/07/28/hong-kong-ncov-5971-1595912209.jpg?w=1020&h=0&q=100&dpr=1&fit=crop&s=AdJXTc6CwkvrKWnXmbtrEg','Xe cứu thương đỗ bên ngoài một trong 9 tòa nhà bị phong tỏa do Covid-19 ở Melbourne, Australia hôm 6/7. Ảnh: AFP.***<paragraph/>***Nhân viên y tế lấy mẫu sinh phẩm tại một điểm xét nghiệm nCoV ở Hong Kong tháng này. Ảnh: Zuma Press.',NULL),(29,4,'Đám tang bị ghẻ lạnh của kẻ ám sát Kennedy','Lễ mai táng Lee Harvey Oswald thiếu người hộ tang đến mức phóng viên đến đưa tin phải làm người khiêng quan tài bất đắc dĩ.\r\n\r\nPaul Groody là giám đốc Nhà tang lễ Miller ở Dallas, bang Texas, Mỹ. Một ngày tháng 11/1963, ông nói với các phu đào mộ rằng họ đang chuẩn bị cho tang lễ của William Bobo. Thực tế, Bobo, cao bồi 75 tuổi ở Fort Worth, còn khỏe mạnh và đang ngồi tại một chiếc bàn trong nhà tang lễ.\r\n\r\nKhi Groody gọi điện đặt vòng hoa tang, ông yêu cầu người bán hoa đề tên Bobo. Lúc ông chọn một bộ vest màu nâu để khâm liệm, các phóng viên túc trực tại nhà tang lễ để săn tin dò hỏi ông nó dành cho ai. \"Bobo\", ông trả lời.\r\n\r\n***<paragraph/>***\r\nGroody đang nói dối. Bộ đồ này không dành cho Bobo. Hoa tang, huyệt mộ, 8 cảnh sát và hai con chó đứng gác ở nhà tang lễ cũng không. Một số cảnh sát đi cùng Groody khi ông đến Bệnh viện Parkland ngày 24/11/1963 để nhận thi thể Lee Harvey Oswald, sát thủ khét tiếng nhất nước Mỹ, kẻ đã ám sát Tổng thống John F. Kennedy hai ngày trước đó.\r\n\r\nOswald bị bắt với cáo buộc bắn chết Kennedy khi Tổng thống đang ngồi trên xe mui trần diễu hành qua Dealey Plaza tại thành phố Dallas, Texas ngày 22/11/1963. Tuy nhiên, chỉ hai ngày sau, Oswald bị chủ hộp đêm Jack Ruby bắn khi đang được chuyển từ nhà tù thành phố tới nhà tù hạt.\r\n\r\nTại Bệnh viện Parkland, cũng là nơi Kennedy được đưa đến cấp cứu, Oswald chết 105 phút sau khi bị bắn. Chưa thi thể nào khiến Mật vụ, FBI và các quan chức địa phương đau đầu đến vậy. Oswald rõ ràng là mục tiêu bị căm ghét khi anh ta còn sống. Và khi anh ta đã chết, chính quyền lo ngại sẽ có những người đến hủy hoại xác chết.\r\n\r\nLực lượng hành pháp bí mật gọi điện cho Groody, quản lý nhà tang lễ ở Fort Worth. Ông nhận xác Oswald vào đêm 24/11/1963 và lên kế hoạch chôn cất vào hôm sau. Nhưng có một số vấn đề.\r\n\r\nVấn đề thứ nhất là tìm người cử hành tang lễ. Không ai nguôi ngoai được nỗi tức giận để tới tiễn đưa kẻ khiến cả đất nước đau buồn. Hai mục sư giáo hội Luther ban đầu đồng ý chủ trì lễ tang, nhưng sau đó rút lui khi Groody thông báo đám tang được tổ chức ngoài trời, vì lo sợ về nguy cơ bắn tỉa. Cuối cùng, Đức cha Louis Saunders, từ Hội đồng Giáo hội địa phương, là người duy nhất đồng ý giúp đỡ.\r\n\r\n***<paragraph/>***\r\nKhi gia đình Oswald xuất hiện để cử hành tang lễ lúc 16h chiều, Groody gặp một vấn đề khác. Ngoài lực lượng hành pháp, không ai khác ngoài vợ, mẹ và anh của Oswald dự đám tang, không bạn bè hay thành viên nào khác trong gia đình có thể làm người khiêng quan tài. Vì vậy, Groody phải nhờ đến nguồn nhân lực dồi dào là các phóng viên. Nhờ được âm thầm báo tin, hàng chục phóng viên tập trung để chứng kiến và chụp ảnh lễ mai táng kẻ ám sát Kennedy.\r\n\r\nGroody ngỏ lời với Preston McGraw, phóng viên địa phương mà ông đã quen biết từ trước. McGraw đồng ý giúp khiêng quan tài. Michael Cochran, phóng viên AP tại Fort Worth, ban đầu từ chối nhưng đổi ý khi thấy McGraw nhận lời. Một phóng viên khác, Jack Moseley, khiêng quan tài được vài bước trước khi bỏ cuộc. Anh không thể chấp nhận được việc phải đưa tên sát nhân về nơi yên nghỉ.\r\n\r\nCuối cùng, ít nhất 7 phóng viên tham gia khiêng quan tài. \"Bà Oswald nói với tôi rằng con trai bà, Lee Harvey, là người tốt bụng và bà yêu cậu ấy\", Saunders nói. Quan tài được mở ra để gia đình Harvey nhìn mặt anh ta lần cuối trước khi hạ huyệt.\r\n\r\n***<paragraph/>***\r\nVào ngày kỷ niệm 4 năm Kennedy bị ám sát, bia mộ của Oswald tại nghĩa trang Rose Hill bị lấy trộm. Khi nó được tìm lại, mẹ của Oswald, Marguerite, thay thế nó bằng bia mộ mới và giữ cái cũ trong nhà.\r\n\r\nKhi Marguerite qua đời năm 1981, bà được chôn trong phần mộ cạnh con trai. Cùng năm đó, thi thể Oswald được khai quật sau khi nhiều người lan truyền thuyết âm mưu rằng Oswald không thật sự nằm trong mộ. Sau khi chứng minh thuyết âm mưu đó là sai, Oswald được chôn cất một lần nữa.\r\n\r\nVì chiếc quan tài đã bị mục, nhà tang lễ Miller, đã được đổi tên thành Baumgardner, nói với Robert, anh của Oswald, rằng họ sẽ đặt thi hài vào quan tài mới. Robert đồng ý, cho rằng cái cũ sẽ bị phá hủy.\r\n\r\nNhưng sự thực không phải vậy. Robert không biết rằng nhà tang lễ đã bán đấu giá chiếc quan tài gốc vào năm 2010. Năm 2015, một thẩm phán ra phán quyết rằng nhà tang lễ cần bồi thường cho Robert hơn 87.000 USD và trả lại quan tài cho gia đình.\r\n\r\nPhóng viên Cochran vẫn nhớ những lời đồng nghiệp Jerry Flemmons thuyết phục ông khi ông đắn đo suy nghĩ có nên nhận lời làm người khiêng quan tài bất đắc dĩ hay không: \"Cochran, nếu chúng ta định viết bài về đám tang của Lee Harvey Oswald, chính chúng ta phải chôn cất gã khốn đó\".',1,2,1,'2020-07-28 00:00:00','2020-08-12 04:11:49',1,0,'https://i1-vnexpress.vnecdn.net/2020/07/27/gettyimages-510812758-0-6157-1595842480.jpg?w=1020&h=0&q=100&dpr=1&fit=crop&s=wbDBT5fQx2LxHjgrsI0ZVg***<paragraph/>***https://i1-vnexpress.vnecdn.net/2020/07/27/ap-6311250275-1595841909-2392-1595842480.jpg?w=1020&h=0&q=100&dpr=1&fit=crop&s=uzkX5mVLSbsfcr_pjpqYBw***<paragraph/>***https://i1-vnexpress.vnecdn.net/2020/07/27/T3JOTUCO4CPSS27DJNVDLD7ZHI-6431-1595842480.jpg?w=1020&h=0&q=100&dpr=1&fit=crop&s=UCSkDHN70SMP8JmvuOT7Ng','Lee Harvey Oswald (giữa) bị bắt tháng 11/1963. Ảnh: AFP.\r\n***<paragraph/>***\r\nNgười nhà của Lee Harvey Oswald dự đám tang tháng 11/1963. Ảnh: AP.\r\n***<paragraph/>***\r\nCác phóng viên khiêng quan tài Lee Harvey Oswald tháng 11/1963. Ảnh: AP.',NULL),(30,4,'Những cố vấn của Trump muốn Mỹ - Trung đoạn tuyệt','Nhiều quan chức \"diều hâu\" ở Washington đang từng bước đẩy mối quan hệ gần 5 thập kỷ với Bắc Kinh tới điểm không thể cứu vãn.\r\n\r\nVới việc Tổng thống Donald Trump đang \"mất điểm\" trước đối thủ Joe Biden khi chỉ cách cuộc bầu cử 100 ngày, các cố vấn an ninh quốc gia cấp cao trong chính quyền của ông gần đây tăng cường công kích Trung Quốc.\r\n\r\nChiến lược \"đối phó Trung Quốc\" đã củng cố thông điệp tranh cử chủ chốt của Trump, nhưng các quan chức cứng rắn trong Nhà Trắng còn muốn tiến xa hơn nhằm tăng khả năng tái đắc cử của ông, bằng cách tạo ra những thay đổi không thể đảo ngược trong mối quan hệ với Trung Quốc.\r\n\r\nTrong khi đó, Chủ tịch Trung Quốc Tập Cận Bình dường như \"đổ thêm dầu vào lửa\", khi tăng cường các hoạt động quyết liệt trong một loạt vấn đề, từ Tân Cương đến Hong Kong. Những quyết sách của ông khiến thái độ của Trung Quốc với Mỹ cũng trở nên cứng rắn hơn, với quan niệm ngày càng phổ biến rằng Washington đang làm tổn hại lợi ích quốc gia của Bắc Kinh.\r\n\r\nTrạng thái đối đầu ngày càng quyết liệt với Trung Quốc chính là mục tiêu cuối cùng mà nhóm cố vấn \"diều hâu\" của Trump hướng tới, bất kể người đắc cử nhiệm kỳ tổng thống sắp tới là ai.\r\n\r\n***<paragraph/>***\r\nNgoại trưởng Mike Pompeo hôm 23/7 tuyên bố mối quan hệ Bắc Kinh - Washington nên dựa trên nguyên tắc \"hoài nghi và xác minh\", khi cho rằng nỗ lực nối lại quan hệ ngoại giao với Trung Quốc của cố tổng thống Richard M. Nixon gần nửa thế kỷ trước đã làm suy yếu lợi ích của Mỹ.\r\n\r\nPompeo khẳng định Mỹ sẽ \"không thể tiếp tục và cũng không thể quay lại mối quan hệ này\" trong những thập kỷ tới.\r\n\r\nCác biến cố tuần trước đã tiếp tục khiến mối quan hệ vốn căng thẳng giữa hai nước thêm trầm trọng.\r\n\r\nNgày 21/7, Bộ Ngoại giao Mỹ ra lệnh đóng cửa lãnh sự quán Trung Quốc ở Houston. Để đáp trả, Bắc Kinh ngày 24/7 yêu cầu đóng lãnh sự quán Mỹ ở Thành Đô, thủ phủ Tứ Xuyên. Một ngày sau, Bộ Ngoại giao Trung Quốc lên tiếng phản đối việc các quan chức Mỹ phá khóa tiến vào Tổng lãnh sự quán của nước này ở Houston.\r\n\r\nCùng thời điểm đó, Bộ Tư Pháp Mỹ truy tố 4 nhà khoa học Trung Quốc vì che giấu mối liên hệ của họ với quân đội Trung Quốc (PLA) để hoạt động tình báo bí mật tại Mỹ. Một trong 4 người này là Juan Tang, bị cáo buộc \"trốn\" nhiều tuần trong lãnh sự quán Trung Quốc ở San Francisco.\r\n\r\nTháng 7 cũng là thời gian chứng kiến nhiều xung đột trong mối quan hệ Mỹ - Trung, khi Washington thông báo một loạt lệnh trừng phạt nhắm vào quan chức cấp cao Trung Quốc về việc bắt giam người Duy Ngô Nhĩ, tước trạng thái đặc biệt của Hong Kong vì luật an ninh mới, đồng thời bác bỏ hầu hết yêu sách chủ quyền của Trung Quốc trên Biển Đông.\r\n\r\nChính quyền Trump trước đó ban hành lệnh cấm toàn bộ sinh viên sau đại học của Trung Quốc có liên quan đến PLA được nhập cảnh vào Mỹ bằng thị thực du học. Quan chức ở Washington cũng đang xem xét lệnh cấm nhập cảnh với 92 triệu đảng viên đảng Cộng sản Trung Quốc và thành viên gia đình họ, động thái có thể liệt khoảng 270 triệu người vào \"danh sách đen\".\r\n\r\n\"Ngoại trưởng Pompeo và các thành viên khác trong chính quyền Tổng thống Trump dường như có các mục tiêu to lớn hơn\", Ryan Hass, cựu giám đốc phụ trách các vấn đề Trung Quốc tại Hội đồng An ninh Quốc gia Mỹ và hiện công tác tại Viện Brookings, nói. \"Họ muốn định hình lại mối quan hệ Mỹ - Trung theo hướng đối đầu có hệ thống, không thể bị đảo ngược vì kết quả cuộc bầu cử tổng thống sắp tới. Họ tin rằng việc định hướng lại là cần thiết để đưa Mỹ vào thế cạnh tranh với đối thủ địa chính trị thế kỷ 21 của họ\".\r\n\r\nNgay từ đầu, Trump đã cam kết thay đổi mối quan hệ với Trung Quốc, nhưng chủ yếu trong lĩnh vực thương mại. Hồi đầu năm nay, thỏa thuận thương mại giai đoạn một được một số trợ lý ca ngợi như một thành tựu lớn. Thỏa thuận hiện vẫn có hiệu lực, dù đang bị \"phủ bóng đen\" bởi một cuộc đấu lớn hơn giữa hai cường quốc.\r\n\r\nNgoài vấn đề Trung Quốc, chính quyền Trump đạt được rất ít mục tiêu về chính sách đối ngoại. Mối quan hệ cá nhân giữa Trump và lãnh đạo Triều Tiên Kim Jong-un đã không thể giúp chấm dứt chương trình hạt nhân của Bình Nhưỡng. Động thái rút khỏi thỏa thuận hạt nhân Iran của Trump cũng khiến nhiều đồng minh xa lánh, trong khi cam kết rút toàn bộ quân khỏi Afghanistan vẫn chưa được thực hiện.\r\n\r\nNhiều quan chức và giới phân tích ở Bắc Kinh đã công khai chỉ trích nhiều động thái của chính quyền Trump là nhằm mục đích \"kiếm phiếu\", cáo buộc Pompeo cùng nhiều quan chức khác cố gieo rắc tâm lý \"Chiến tranh Lạnh\" để tăng cơ hội tái đắc cử cho Trump, theo Edward Wong và Steven Lee Myers, hai biên tập viên của NYTimes.\r\n\r\nNhững động thái của chính quyền Trump càng củng cố nhận định của Trung Quốc rằng Mỹ không bao giờ chấp nhận sự trỗi dậy về kinh tế, quân sự của nước này.\r\n\r\n\"Nó không chỉ là những tính toán vì mục đích tranh cử. Nó cũng là leo thang căng thẳng tự nhiên và là kết quả của mâu thuẫn vốn có giữa Mỹ và Trung Quốc\", Cheng Xiaohe, phó giáo sư Trường Nghiên cứu Quốc tế thuộc Đại học Nhân dân ở Bắc Kinh, nhận định.\r\n\r\nKhi Covid-19 hoành hành, một số quan chức Trung Quốc đã tìm cách tránh leo thang xung đột với Mỹ. Họ kêu gọi chính quyền Trump cân nhắc từng hành động và kêu gọi hợp tác, thay vì đối đầu, dù không đưa ra bất kỳ nhượng bộ nào từ phía họ.\r\n\r\n\"Bắc Kinh không muốn thúc đẩy cuộc chiến toàn diện với Mỹ, nhưng tối thiểu, chính phủ Trung Quốc sẽ trả đũa để cho thế giới thấy quốc gia này không bị đe dọa và bắt nạt\", Jessica Chen Weiss, nhà khoa học chính trị tại Đại học Cornell, chuyên nghiên cứu về dư luận và chính sách đối ngoại của Trung Quốc, nói.\r\n\r\n***<paragraph/>***\r\nChỉ hai tuần trước, Ngoại trưởng Trung Quốc Vương Nghị kêu gọi Mỹ không đưa quan hệ hai nước tiến sát bờ vực đổ vỡ và tìm cách hợp tác trên các lĩnh vực lợi ích chung. Thực tế, giới chức ở Bắc Kinh dường như chấp nhận khả năng rằng mối quan hệ hai nước sẽ không được cải thiện trước năm sau.\r\n\r\n\"Trung Quốc khó có thể làm gì nhiều để chủ động giải quyết vấn đề này\", Wu Qiang, nhà phân tích độc lập ở Bắc Kinh, nói.\r\n\r\nTrump từng gọi ông Tập là \"bạn tốt\", nhưng giọng điệu của Tổng thống Mỹ đã thay đổi khi cuộc bầu cử ngày càng đến gần. Ông chỉ trích Bắc Kinh vì đại dịch và thậm chí từng gọi nCoV là \"Kung Flu\", gần giống tên gọi môn võ thuật truyền thống của Trung Quốc.\r\n\r\nĐội ngũ tranh cử của Trump cũng tăng cường giọng điệu cứng rắn với Trung Quốc và xem đây là trụ cột trong chiến lược \"lấy lòng\" cử tri.\r\n\r\nMột số chính trị gia và nhà phân tích ở Bắc Kinh cho rằng ngôn ngữ gay gắt cùng nhiều hành động quyết liệt của chính quyền Trump có thể kích động tâm lý dân tộc của người Trung Quốc.\r\n\r\n\"Tôi mạnh mẽ kêu gọi người Mỹ hãy bầu cho Trump đắc cử, bởi chính quyền của ông ấy có rất nhiều thành viên điên cuồng như Pompeo. Họ sẽ giúp Trung Quốc tăng cường đoàn kết và gắn bó với nhau\", Hồ Tích Tiến, tổng biên tập Global Times, tờ báo thuộc People\'s Daily, cơ quan ngôn luận của đảng Cộng sản Trung Quốc, đăng bài trên Twitter hôm 24/7.',1,2,1,'2020-07-27 20:00:00','2020-08-12 04:08:52',1,0,'https://i1-vnexpress.vnecdn.net/2020/07/27/pompeo-23-07-2-jpeg-8709-1595836438.jpg?w=1020&h=0&q=100&dpr=1&fit=crop&s=8LVbMjI3B2BOsNasaPHC-w***<paragraph/>***https://i1-vnexpress.vnecdn.net/2020/07/27/my-trung-3-6216-1595836438.jpg?w=1020&h=0&q=100&dpr=1&fit=crop&s=5TviyeSkuQMH9wp59zzQCg','Ngoại trưởng Mỹ Mike Pompeo phát biểu tại Thư viện Nixon, bang Washington, hôm 23/7. Ảnh: AP.\r\n***<paragraph/>***\r\nTổng thống Donald Trump (trái) họp cùng Chủ tịch Tập Cận Bình bên lề hội nghị G20, tại Osaka, Nhật Bản, năm ngoái. Ảnh: NYTimes.',NULL),(31,25,'Đại gia du lịch trực tuyến Trung Quốc muốn rút niêm yết khỏi Mỹ','Reuters cho biết đại gia du lịch trực tuyến Ctrip đang đề nghị các nhà đầu tư tiềm năng cấp vốn cho họ rút niêm yết khỏi sàn Nasdaq.\r\n\r\nReuters trích lời nguồn tin thân cận cho biết lãnh đạo công ty dịch vụ du lịch trực tuyến lớn nhất Trung Quốc Ctrip đã liên lạc với một số nhà đầu tư, trong đó có cả các công ty đầu tư cổ phần tư nhân và hãng công nghệ trong nước về việc tham gia thương vụ rút niêm yết. Vốn hóa Ctrip hiện vào khoảng 16,5 tỷ USD.\r\n\r\nĐộng thái này diễn ra trong bối cảnh các công ty Trung Quốc niêm yết tại Mỹ đối mặt với nguy cơ bị giới chức Mỹ siết kiểm soát và thắt chặt quy định kiểm toán. Hồi tháng 5, Thượng viện Mỹ đã thông qua dự luật hủy niêm yết doanh nghiệp Trung Quốc nếu không thể chứng minh họ không bị chi phối bởi chính phủ.\r\n\r\nCăng thẳng địa chính trị giữa hai nền kinh tế lớn nhất thế giới cũng đang tăng. Những diễn biến này đang khiến nhiều công ty Trung Quốc cân nhắc rút niêm yết tại đây và chuyển về sàn gần quê hương hơn.\r\n\r\n***<paragraph/>***\r\nNguồn tin của Reuters cho biết việc thảo luận rút niêm yết của Ctrip mới đang ở giai đoạn đầu và vẫn có thể thay đổi. Đại diện của Ctrip đã từ chối bình luận về thông tin này.\r\n\r\nTheo số liệu của Refinitiv, năm nay, 6 công ty Trung Quốc niêm yết tại Mỹ đã thông báo rút niêm yết. Các công ty này có tổng vốn hóa 9,1 tỷ USD.\r\n\r\nChỉ mới hôm qua (27/7), Sogou cho biết Tencent đề xuất mua toàn bộ cổ phần còn lại của hãng tìm kiếm này. Tencent định giá công ty này tại 3,5 tỷ USD.\r\n\r\nHồi tháng 5, Reuters cũng cho biết đại gia tìm kiếm Baidu đang thảo luận việc rút niêm yết. Cả Ctrip và Baidu đều đã nói chuyện sơ bộ với HKEX (công ty điều hành thị trường chứng khoán Hong Kong) về khả năng niêm yết lần 2.\r\n\r\nCtrip lo ngại căng thẳng Mỹ - Trung leo thang. Bên cạnh đó, đại dịch cũng đang khiến việc kinh doanh của họ thiệt hại nặng trong nửa đầu năm, gây sức ép đáng kể lên giá trị công ty, một trong các nguồn tin cho biết trên Reuters.\r\n\r\nQuý đầu năm, doanh thu ròng của Ctrip giảm 42% so với năm ngoái. Lỗ ròng là 5,4 tỷ nhân dân tệ (754 triệu USD). Công ty này dự báo doanh thu ròng quý II giảm 67- 77% do đại dịch kéo dài.\r\n\r\nDù vậy, cấu trúc sở hữu phân hóa của Ctrip sẽ là thách thức lớn khi thuyết phục toàn bộ cổ đông về kế hoạch rút niêm yết. Cổ đông lớn nhất của hãng - Baidu chỉ sở hữu 11,7%.\r\n\r\nCtrip thành lập năm 1999 và niêm yết trên sàn Nasdaq năm 2003. Đây là một trong những đại diện đầu tiên của làn sóng hãng công nghệ Trung Quốc sang Mỹ niêm yết.',1,2,1,'2020-07-28 16:37:00','2020-08-12 04:06:27',1,0,'https://i1-kinhdoanh.vnecdn.net/2020/07/28/ctrip-1595928915-9045-1595928995.jpg?w=1020&h=0&q=100&dpr=1&fit=crop&s=KNwVYtzY7e37BOo9UdAZRA','Logo Ctrip tại trụ sở ở Thượng Hải (Trung Quốc). Ảnh: Reuters',NULL),(32,25,'Giá trị Tencent vượt Facebook','Với vốn hóa khoảng 670 tỷ USD, Tencent vừa vượt Facebook trở thành doanh nghiệp giá trị thứ 7 thế giới.\r\n\r\nTrong phiên giao dịch hôm nay (28/7), cổ phiếu đại gia công nghệ Trung Quốc đã tăng 4,7% lên 544,5 đôla Hong Kong (HKD). Nhờ đó, vốn hóa của Tencent đạt 5.200 tỷ HKD (khoảng 670 tỷ USD), nhiều hơn 12 tỷ USD so với Facebook. Nếu kết thúc phiên giao dịch hôm nay, cổ phiếu của Tencent có giá tối thiểu 533 HKD, nó sẽ trở thành doanh nghiệp giá trị thứ 7 thế giới.\r\n\r\nHệ sinh thái của Tencent gồm mạng xã hội, game, thanh toán di động, nhạc, video và điện toán đám mây. Mạng xã hội Wechat và các ứng dụng thanh toán của hãng này đang có hơn 1 tỷ người dùng. Hiện tại, nhà sáng lập Tencent, Pony Ma Huateng cũng là người giàu nhất Trung Quốc và thứ 20 thế giới với khối tài sản trị giá 52,2 tỷ USD, theo Bloomberg Billionaire Index.\r\n\r\nFacebook tới hết quý I có hơn 2,1 tỷ người dùng thường xuyên.\r\n\r\n***<paragraph/>***\r\nNhà phân tích Thomas Chong tại Jefferies còn dự đoán cổ phiếu của Tencent có thể tăng lên 651 HKD trong 12 tháng tới.\r\n\r\nHơn 2 tuần trước, một đại gia công nghệ Trung Quốc khác – Alibaba đã vượt Facebook để trở thành doanh nghiệp giá trị thứ 6 thế giới. Hiện tập đoàn này có vốn hóa gần 673 tỷ USD.\r\n\r\nCác hãng công nghệ và Internet Mỹ từ lâu đã đóng vai trò dẫn dắt thế giới. Tuy nhiên, Trung Quốc ngày càng đổi mới và phát triển mọi thứ, từ thanh toán điện tử đến 5G, thương mại điện tử... Điều này là một phần khiến căng thẳng gia tăng giữa Washington và Bắc Kinh.\r\n\r\n\"Với tốc độ tăng trưởng GDP của Trung Quốc, chúng ta sẽ thấy ngày càng nhiều hơn doanh nghiệp Trung Quốc gia nhập top 10 hay top 100 của thế giới. Xu hướng này sẽ tiếp tục trong tương lai gần. Tuy nhiên, dại dịch và quan hệ Mỹ - Trung xấu đi có thể khiến tình hình trở nên phức tạp\", Kenny Wen, chiến lược gia quản lý tài sản tại Everbright Sun Hung Kai cho biết.',1,2,1,'2020-07-28 15:56:00','2020-08-12 04:04:50',1,0,'https://i1-kinhdoanh.vnecdn.net/2020/07/28/pony-ma-9189-1595925617.jpg?w=1020&h=0&q=100&dpr=1&fit=crop&s=fZc_64N7qkPUOtp51sp_Zw','Chủ tịch kiêm CEO Tencent Pony Ma Huateng. Ảnh: AP.',NULL),(33,25,'Đảng Cộng hòa Mỹ đề xuất gói kích thích 1.000 tỷ USD','Gói này sẽ phát 1.200 USD cho mỗi người Mỹ, cấp gần 200 tỷ USD cho vay doanh nghiệp, nhưng giảm hai phần ba trợ cấp thất nghiệp bổ sung.\r\n\r\nCác thượng nghị sĩ đảng Cộng hòa Mỹ vừa công bố đề xuất gói kích thích trị giá 1.000 tỷ USD sau khi đạt thỏa thuận với Nhà Trắng. Họ sẽ đàm phán tiếp với đảng Dân chủ, nhằm tìm ra giải pháp chung để hỗ trợ người Mỹ khi chương trình trợ cấp thất nghiệp mở rộng cho hàng triệu lao động sẽ hết hạn tuần này.\r\n\r\nLãnh đạo phe đa số tại Thượng viện Mitch McConnell gọi đề xuất này là kế hoạch \"có mục tiêu\", tập trung vào việc đưa trẻ em trở lại trường học và lao động quay lại công sở. Nó cũng bảo vệ các doanh nghiệp khỏi kiện cáo.\r\n\r\nDù vậy, kế hoạch này vẫn vấp phải sự phản đối của các nghị sĩ đảng Dân chủ và một số thành viên Cộng hòa. Đảng Dân chủ cho rằng quy mô của nó quá hạn chế so với đề xuất 3.000 tỷ USD của họ đã được Hạ viện thông qua hồi tháng 5. Trong khi đó, một số nghị sĩ đảng Cộng hòa lại chê nó quá đắt đỏ.\r\n\r\n***<paragraph/>***\r\nMcConnell cho biết gói này bao gồm khoản chi trực tiếp 1.200 USD cho mỗi người dân Mỹ, với các tiêu chuẩn tương tự khoản chi được duyệt hồi tháng 3. Họ cũng đưa vào các biện pháp khuyến khích sản xuất thiết bị bảo hộ cá nhân tại Mỹ thay vì Trung Quốc. Gói này còn cấp 190 tỷ USD cho vay các doanh nghiệp nhỏ và 100 tỷ USD cho vay các công ty hoạt động theo mùa vụ hoặc ở các vùng có thu nhập thấp.\r\n\r\nCác nghị sĩ đảng Cộng hòa cũng muốn giảm trợ cấp thất nghiệp bổ sung (bên cạnh trợ cấp thất nghiệp thông thường của các bang) từ mức 600 USD một tuần hiện tại xuống 200 USD. Sau 2 tháng, các bang sẽ áp dụng công thức tính hỗ trợ mới thay thế khoản này, mục tiêu là bù đắp 70% thu nhập bị mất.\r\n\r\nKhoản trợ cấp thất nghiệp bổ sung này đang là phao cứu sinh với các lao động bị sa thải và là lực đẩy chính với tiêu dùng. Dù vậy, nhiều nghị sĩ đảng Cộng hòa cho rằng con số này đang cao hơn lương của nhiều lao động, khiến người Mỹ ở nhà chứ không chịu quay lại làm việc.\r\n\r\nNgược lại, đảng Dân chủ chỉ trích đảng Cộng hòa trì hoãn việc thông qua các điều luật mới, trong bối cảnh số ca mắc Covid-19 tại Mỹ vượt mốc 4 triệu. Đến nay, đại dịch đã khiến gần 150.000 người Mỹ tử vong.\r\n\r\nNgay sau khi gói này được Đảng cộng hòa công bố, việc đàm phán lưỡng đảng đã bắt đầu. Chủ tịch Hạ viện Mỹ Nancy Pelosi và lãnh đạo đảng Dân chủ tại Thượng viện Chuck Schumer đã gặp Bộ trưởng Tài chính Mỹ Steven Mnuchin và Chánh văn phòng Nhà Trắng Mark Meadows trong 2 giờ.\r\n\r\nMeadows sau đó cho biết cuộc gặp diễn ra \"tốt đẹp\" và ông cùng Mnuchin sẽ quay lại Quốc hội vào hôm nay (28/7). Tuy vậy, khi trả lời báo giới, Pelosi và Schumer cho biết họ không hài lòng khi nhiều khoản trợ cấp, như thuê nhà và lương thực, bị loại ra.\r\n\r\n\"Chúng tôi hy vọng có thể đạt thỏa thuận. Giá trị hai bên theo đuổi rõ ràng là không giống nhau. Chúng tôi sẽ xem liệu có thể tìm được điểm chung để đi tiếp hay không. Nhưng hiện tại thì vẫn chưa đâu\", bà nói.',1,2,1,'2020-07-28 10:02:00','2020-08-12 04:03:22',1,0,'https://i1-kinhdoanh.vnecdn.net/2020/07/28/Mitch-McConnell-3311-1595905286.jpg?w=1020&h=0&q=100&dpr=1&fit=crop&s=N1lVG35ufh8pKJm-xSzX6Q','Lãnh đạo phe đa số tại Thượng viện Mitch McConnell. Ảnh: Reuters',NULL),(34,35,'Con gái Quyền Linh viết thư mừng cha tuổi 51','Lọ Lem - con gái lớn diễn viên Quyền Linh - vừa khóc vừa viết thư mừng sinh nhật tuổi 51 của cha.\r\n\r\nDo phải ghi hình ở Kiên Giang, Quyền Linh đón sinh nhật xa nhà. Chiều 28/7, anh cho biết: \"Tôi thương đứt ruột khi xem bức thư của con trên trang cá nhân của vợ\". Trong thư, Lọ Lem viết: \"Con đã 14 tuổi, sắp đến tuổi trưởng thành, gần phải rời xa vòng tay ấm áp của ba mẹ bước vào xã hội tấp nập, không biết tương lai sẽ ra sao... Cứ mỗi ngày con sẽ càng thêm lớn, càng thêm vô tư nhờ vào sự chăm sóc của ba và mẹ\".\r\n\r\n***<paragraph/>***\r\nCô bé kể đôi lúc làm cha buồn mà không hề biết, vì anh thường che giấu muộn phiền bằng nụ cười thường trực, quên bản thân cũng cần giúp đỡ. \"Lọ Lem xin lỗi cha nhiều vì sự vô tư của con... Nhìn ba mẹ vất vả làm việc để lo cho con và gia đình, con thật cảm động, nên con vẫn luôn muốn giúp một chút gì đó bớt đi phần gánh nặng trên đôi vai hai người. Trong đầu vẫn luôn luôn nghĩ về tương lai làm sao để thành công, để bù đắp lại thanh xuân, quá khứ mà ba mẹ đã vất vả vượt lên\", Lọ Lem viết.\r\n\r\nCuối thư, cô bé hứa một ngày không xa sẽ là niềm tự hào lớn nhất của vợ chồng Quyền Linh. Dạ Thảo - vợ Quyền Linh - kể khi viết thư, Lọ Lem nhiều lần bật khóc. Khi đọc thư của con, chị cũng ứa nước mắt.\r\n\r\n***<paragraph/>***\r\nLọ Lem tên thật là Thảo Linh, sinh năm 2006. Trên trang cá nhân, Dạ Thảo thường đăng ảnh con gái càng lớn càng ra dáng thiếu nữ. Ở tuổi 14, cô bé cao 1,7 m, hơn cả cha. Với vợ chồng Quyền Linh, con gái hiền hậu, tình cảm, sống cá tính. Nhiều đồng nghiệp khuyên anh sau này cho con gái học trường Sân khấu Điện ảnh hoặc thi nhan sắc. Diễn viên nói: \"Chúng tôi muốn để các con phát triển tự nhiên chứ không định hướng con vào làng giải trí\".\r\n\r\nQuyền Linh tên thật là Mai Huyền Linh, sinh năm 1969. Anh nổi tiếng qua các phim Người Hà Nội (1995), Những nẻo đường phù sa (1997), Đồng tiền xương máu (1999), Giao thời (2000)... Những năm gần đây, anh chuyển sang làm MC cho các chương trình Vượt lên chính mình, Bạn muốn hẹn hò... Anh kết hôn năm 2005 với chị Dạ Thảo.',1,2,1,'2020-07-28 17:15:00','2020-08-12 04:01:56',1,0,'https://i1-giaitri.vnecdn.net/2020/07/28/quyen-linh-1-8203-1595930340.jpg?w=1020&h=0&q=100&dpr=1&fit=crop&s=2JjYO0K6-3y4o1IDZvy4FA***<paragraph/>***https://i1-giaitri.vnecdn.net/2020/07/28/quyen-linh-2-5818-1595930340.jpg?w=1020&h=0&q=100&dpr=1&fit=crop&s=DoAexTRJx6xJA2dZN5Bm_g','Con gái Quyền Linh bật khóc khi viết thư mừng tuổi cha. Ảnh: Dạ Thảo.\r\n***<paragraph/>***\r\nQuyền Linh bên con gái lớn Lọ Lem (giữa) và Hạt Dẻ trong chuyến du lịch đầu năm. Ảnh: Duy England.',NULL),(35,35,'Bảo Thanh tự cách ly khi về từ Đà Nẵng','Diễn viên Bảo Thanh và chồng tự cách ly tại nhà riêng ở Hà Nội sau khi ghé Đà Nẵng - nơi ghi nhận ca nhiễm nCoV.\r\n\r\nBảo Thanh nói đúng hôm 25/7, khi vợ chồng cô mới đến Đà Nẵng, Bộ Y tế ghi nhận ca bệnh số 416. Bảo Thanh và chồng phải gấp rút trở lại Hà Nội vào hôm sau. Diễn viên buồn vì không được lang thang phố xá, dạo cầu Rồng, ăn chè sầu riêng...\r\n\r\nVề Hà Nội đúng thời điểm Covid-19 ở Đà Nẵng diễn biến phức tạp, gia đình cô chủ động hủy lịch trình công việc, tự cách ly ở nhà 14 ngày. Hàng ngày, cô thực hiện khai báo y tế. Diễn viên tranh thủ làm việc online. Cô xem thời sự để cập nhật tình hình, tập thể dục giết thời gian. \"Tôi không buồn vì đã quen với một đợt giãn cách xã hội hồi tháng 4, phải chấp nhận để giữ an toàn cho bản thân và cộng đồng\", Bảo Thanh nói.\r\n\r\n***<paragraph/>***\r\nĐà Nẵng là thành phố có nhiều kỷ niệm với Bảo Thanh. Năm 2013, cô và đoàn diễn viên Nhà hát Tuổi trẻ từng đi công tác ở khu du lịch Bà Nà ba tháng. Từ khi kết hôn, năm nào cô và chồng cũng đi du lịch Đà Nẵng vài lần. Cả hai thuộc từng con đường, ngõ ngách ở thành phố. Một lần, khi bơi trên biển Mỹ Khê, cô bơi vào đúng dòng chảy rút xa bờ, suýt chết đuối, may mắn được ông xã cứu. Vì yêu Đà Nẵng, cô mới mua một căn biệt thự để tiện nghỉ ngơi mỗi khi có lịch đóng phim, dự sự kiện gần đây.\r\n\r\n\"Mỗi lần nghe thông tin Đà Nẵng xuất hiện Covid-19, cập nhật các ca dương tính, cổ họng tôi nghẹn lại. Thành phố biển xinh đẹp, mộng mơ phải gồng mình chiến đấu. Tôi tin Đà Nẵng sẽ chiến thắng, cả nước ở bên Đà Nẵng\", Bảo Thanh nói.\r\n\r\nBảo Thanh là nghệ sĩ tích cực kêu gọi khán giả nâng cao ý thức trong mùa dịch. Trên trang cá nhân, cô thường xuyên chia sẻ các thông tin về cách bảo vệ sức khỏe. Vài tháng trước, cô tham gia phim Những ngày không quên - lấy bối cảnh thời dịch.',1,2,1,'2020-07-28 16:38:00','2020-08-12 03:58:48',1,0,'https://i1-giaitri.vnecdn.net/2020/07/28/bao-thanh-1595927972-159592798-4816-8675-1595928153.jpg?w=1020&h=0&q=100&dpr=1&fit=crop&s=6rcS3i6OjmoFMB7RmFoF5A','Diễn viên Bảo Thanh khi tham gia họp báo giới thiệu phim \"Về nhà đi con\" năm ngoái. Ảnh: Đình Tùng.',NULL),(36,35,'Kim Kardashian thăm chồng sau cãi vã','Kim Kardashian bay tới điền trang của gia đình tại bang Wyoming để trông nom chồng Kanye West đang bất ổn tâm lý.\r\n\r\nTheo TMZ, ngày 27/7, thợ săn ảnh phát hiện cặp sao tới cửa hàng đồ ăn nhanh gần nhà ăn trưa. Hai người ngồi ghế sau ôtô trò chuyện, có lái xe riêng. Trước đó, Kim Kardashian ở Los Angeles chăm con trong khi Kanye West đến điền trang ở Wyoming để tập trung kế hoạch tranh cử tổng thống.\r\n\r\n***<paragraph/>***\r\nNguồn tin cũng cho biết Kim nguôi giận sau khi chồng công khai xin lỗi trên Twitter vì những bài viết xúc phạm gia đình trước đó. Cô lo lắng cho Kanye West sau tin anh đến khoa cấp cứu tại bệnh viện gần nhà vì căng thẳng. Thời gian qua, Kim cố gắng khuyên chồng điều trị hội chứng rối loạn lưỡng cực nhưng anh không đồng ý, nghĩ vợ muốn giam mình vào trại tâm thần.\r\n\r\nKanye West sinh năm 1977 tại thành phố Atlanta, bang Georgia, Mỹ. Anh bắt đầu ca hát từ năm 1996 và trở thành một trong những nghệ sĩ thành công nhất thế kỷ 21, bán được hơn 140 triệu bản thu. Anh hẹn hò Kim Kardashian từ tháng 4/2012 và kết hôn hai năm sau đó. Cặp sao có bốn con: North (bảy tuổi), Saint (bốn tuổi), Chicago (hai tuổi) và Psalm (một tháng tuổi). Tháng 4, tạp chí Forbes xác nhận ca sĩ đạt danh hiệu tỷ phú, sở hữu tài sản khoảng 1,3 tỷ USD.\r\n\r\nCa sĩ tham gia tranh cử Tổng thống Mỹ hôm 15/7, cạnh tranh với Donald Trump và Joe Biden. Anh cho biết đại diện cho đảng Birthday, nhận hậu thuẫn từ tỷ phú Elon Musk.',1,2,1,'2020-07-28 09:18:00','2020-08-12 03:53:40',1,0,'https://i1-giaitri.vnecdn.net/2020/07/28/Kim-Kardashian-tha-m-Kanye-Wes-3269-7103-1595901957.jpg?w=1020&h=0&q=100&dpr=1&fit=crop&s=pYXXFRAD2ZkI02xxf_TPeA','Kim Kardashian có mặt tại bang Wyoming cùng chồng hôm 27/7. Ảnh: TMZ.',NULL),(37,44,'Bầu Đức: \'Lần này tôi theo số đông ở V-League’','Chủ tịch CLB HAGL, Đoàn Nguyên Đức băn khoăn giữa lựa chọn dừng hoặc tiếp tục tổ chức V-League 2020 trong bối cảnh phức tạp của Covid-19.\r\n\r\n\"Rất khó đánh giá đúng mức tình hình dịch bệnh hiện nay. Không ai biết nó sẽ kéo dài đến bao giờ. Có thể một vài tháng, nhưng không biết chừng đến hết năm 2020. Nhiều đội bóng không chờ lâu như thế. Họ có những nỗi khổ riêng về tài chính, con người hoặc cơ cấu tổ chức... nên đề xuất hủy V-League mùa này không phải vô lý\", bầu Đức chia sẻ với VnExpress chiều 28/7. \"Cá nhân tôi thấy hủy cũng được, mà nếu tiếp tục thì HAGL vẫn chơi. Lần này tôi sẽ quyết định theo số đông. Vì dù thế nào, tôi vẫn duy trì đội bóng và trả lương thưởng đầy đủ cho các cầu thủ\".\r\n\r\n***<paragraph/>***\r\n\r\nHôm 26/7, Công ty Cổ phần bóng đá chuyên nghiệp Việt Nam VPF quyết định tạm dừng V-League 2020 do Việt Nam lại ghi nhận một số ca nhiễm nCoV trong cộng đồng, sau 99 ngày an toàn. SLNA đã gửi văn bản đề xuất kết thúc giải sớm, trao chức vô địch cho đội đang dẫn đầu sau 11 vòng là Sài Gòn FC và không có đội xuống hạng. Ngay lập tức ba đội khác là Hải Phòng, Nam Định và Quảng Nam cùng lên tiếng tán đồng. Đây là nhóm CLB đang đứng cuối bảng.\r\n\r\nHAGL hiện xếp thứ sáu, nhiều cơ hội vào top 8 đua tranh chức vô địch ở giai đoạn hai. Đây là vị thế hoàn toàn khác so với những năm trước, khi họ thường xuyên phải vật lộn với cuộc đua trụ hạng. Tuy nhiên, bầu Đức khá bình thản: \"HAGL chưa nghĩ đến khả năng cạnh tranh vô địch, thậm chí về lý thuyết còn có thể rớt hạng. Và như lâu nay tôi vẫn khẳng định, HAGL dự V-League cho vui thôi, nên không nghĩ nhiều đến kết quả. Đội thắng thì mừng, thua cũng không sao\".\r\n\r\nÔng còn cho biết thêm: \"Lấy ví dụ việc chiêu mộ Nguyễn Anh Đức. Nếu cần một người ghi bàn, tôi đã lựa người khác chứ không phải một tiền đạo đã 35 tuổi và nghỉ thi đấu suốt sáu tháng qua. Tôi chọn Anh Đức vì cậu ấy có thể truyền đạt kinh nghiệm quý báu và dìu dắt cầu thủ trẻ của HAGL hiện nay\".\r\n\r\nChiều nay, Liên đoàn bóng đá Việt Nam sẽ họp để bàn bạc phương án tổ chức các giải đấu trong thời gian tới. Do Covid-19, các sự kiện lớn của đội tuyển Việt Nam như vòng loại World Cup 2022 - khu vực châu Á và AFF Cup 2020 có thể bị hoãn.',1,2,1,'2020-07-28 15:24:00','2020-08-12 03:51:24',1,0,'https://i1-thethao.vnecdn.net/2020/07/28/dong9840-1595919532-4529-1595919612.jpg?w=1020&h=0&q=100&dpr=1&fit=crop&s=ZXyJ6woH-_sxp0LmJMFM1g','Bầu Đức bận rộn kinh doanh nên gần đây không thường xuyên đến sân theo dõi HAGL. Ảnh: Đức Đồng.',NULL),(38,44,'VPF: ‘Hủy V-League sẽ ảnh hưởng đến đội tuyển’','Chủ tịch VPF, Trần Anh Tú cho rằng kết thúc sớm V-League 2020 sẽ gây tổn thất nặng nề cho bóng đá Việt Nam nên chưa thể đáp ứng đề xuất của một số CLB.\r\n\r\n\"VPF đã nhận được văn bản đề xuất kết thúc V-League 2020 của bốn đội đang đứng cuối bảng là Quảng Nam, Hải Phòng, Nam Định và SLNA. Tôi đã báo cáo vấn đề này với Chủ tịch VFF Lê Khánh Hải. Ban tổ chức giải cũng mới họp xong sáng nay 28/7. Chúng tôi tiếp thu kiến nghị của các đội bóng, nhưng bây giờ chưa phải lúc tính tới phương án kết thúc giải sớm\", Chủ tịch Công ty Cổ phần bóng đá chuyên nghiệp Việt Nam VPF Trần Anh Tú chia sẻ với VnExpress.\r\n\r\n***<paragraph/>***\r\nHôm 26/7, VPF quyết định tạm dừng V-League 2020 do Việt Nam lại ghi nhận một số ca nhiễm nCoV trong cộng đồng, sau 99 ngày an toàn. Một ngày sau, SLNA gửi văn bản đề xuất kết thúc giải sớm, trao chức vô địch cho đội đang dẫn đầu sau 11 vòng là Sài Gòn FC và giải không có đội xuống hạng. Ngay lập tức ba đội khác là Hải Phòng, Nam Định và Quảng Nam tán đồng, và gửi đề xuất tương tự.\r\n\r\n\"Dừng V-League sẽ gây ra rất nhiều thiệt hại, từ chuyện nhà tài trợ, kinh tế của giải cũng như CLB, tới cơ hội thi đấu cho các cầu thủ, duy trì phong độ, phục vụ đội tuyển quốc gia...Vì vậy, VPF chỉ huỷ giải trong trường hợp bất khả kháng, khi không còn đủ thời gian để tổ chức. Lúc này thời gian vẫn còn, các bên cần kiên nhẫn chờ đợi, theo dõi tình hình diễn biến của Covid-19 tại Việt Nam rồi tính tiếp\", ông Tú nói thêm.\r\n\r\nĐây là lần thứ ba mùa này V-League phải lùi lịch bởi Covid-19. Ban đầu, giải dự kiến khởi tranh từ ngày 21/2, nhưng sau đó lùi xuống 6/3. Sau hai vòng diễn ra trên sân không khán giả, giải tiếp tục bị hoãn rồi tái đấu vào ngày 5/6. Hiện tại V-League đã qua 11 vòng, Sài Gòn FC đang bất bại với 23 điểm, nhiều hơn hai đội xếp sau là Viettel và Quảng Ninh bốn điểm.\r\n\r\nTheo thể thức đặc biệt mùa này, sau 13 trận giai đoạn một, tám đội xếp trên đá đua vô địch, sáu đội xếp dưới đá tranh trụ hạng. Hiện tại đứng thứ tám là Thanh Hoá với 14 điểm. Các đội xếp sau họ là Đà Nẵng, Hà Tĩnh, SLNA, Nam Định, Hải Phòng và Quảng Nam.',1,2,1,'2020-07-28 12:54:00','2020-08-12 03:50:06',1,0,'https://i1-thethao.vnecdn.net/2020/07/28/a000-9016-1595914813.jpg?w=1020&h=0&q=100&dpr=1&fit=crop&s=a-cH1VnSfN8Mt1Q4bwiInw','Ông Trần Anh Tú phát biểu trong lễ khai mạc V-League 2020. Ảnh: Lâm Thoả',NULL),(39,44,'Bruno Fernandes và con đường trở thành cứu tinh của Man Utd','Lịch sử Man Utd thời hậu Alex Ferguson có thể sẽ được chia làm hai giai đoạn, với điểm tiếp nối là sự xuất hiện của tiền vệ Bruno Fernandes.\r\n\r\n***<paragraph/>***\r\nTrong hơn một thập niên trở lại đây, Bồ Đào Nha bị ảnh hưởng nặng nề bởi khủng hoảng tài chính. Hệ quả là lượng người di cư tăng đột biến, với hơn hai triệu dân Bồ Đào Nha hiện sống ở nước ngoài. Ông Jose Fernandes là một phần trong số đó.\r\n\r\nThất nghiệp và vật lộn vì phải cáng đáng cả gia đình, ông quyết định rời quê hương sang Thụy Sỹ mưu sinh. Ban đầu, Jose tính đưa vợ và cả ba con đi theo. Nhưng vấn đề sớm nảy sinh, khi cậu con trai thứ Bruno từ chối ra đi, thậm chí còn dọa sẽ bỏ nhà, nếu cha mẹ cương quyết chuyển đi. Lúc ấy, Bruno Fernandes đang chơi cho đội trẻ Boavista và muốn tiếp tục gắn bó với nơi này. Cậu nhóc này nằng nặc bảo bố mẹ: \"Người ta làm gì biết đá bóng ở Thụy Sĩ!\".\r\n\r\nSau cùng, sự cương quyết của Bruno cũng làm cha mẹ xiêu lòng. Người cha Jose xách vali lên đường, trong khi người mẹ Virginia Borges ở lại quận Gueifaes, thuộc vùng Maia, để chăm sóc cậu con trai và giấc mơ theo đuổi nghiệp quần đùi áo số. Sự hy sinh của bà được đền đáp sớm hơn kỳ vọng, khi Bruno Fernandes được đội bóng Novara của Italy để mắt tới trong một trận đấu U19.\r\n\r\nGiữa năm 2012, Bruno được mời sang Italy thi đấu. Khác với viễn cảnh sống tại Thụy Sỹ, lần này anh vui vẻ chấp thuận. Ở tuổi 17, chàng trai người Bồ Đào Nha lên đường với mức phí chuyển nhượng 40.000 euro. Khi anh đến sân bay Porto tháng 8/2012, ngoài những người thân, chẳng có bất kỳ người hâm mộ hay đại diện truyền thông nào có mặt, tiễn anh lên đường. Điều này hoàn toàn trái ngược hẳn với quang cảnh nhộn nhịp tháng 1/2020, khi Fernandes chuẩn bị sang Anh gia nhập Man Utd.\r\n\r\nBruno không còn là một cầu thủ tuổi teen vô danh, mà đã là một trong những tiền vệ được nhắc tới nhiều nhất tại châu Âu. Trong hơn hai mùa giải chơi cho Sporting Lisbon, anh ghi đến 63 bàn và 48 lần kiến tạo trong 135 trận. Anh quan trọng tới mức người đồng đội Stefan Ristovski phải năn nỉ: \"Làm ơn ở lại mùa giải tới đi, không thì chúng tớ coi như tiêu tùng\".\r\n\r\nTại Lisbon, Bruno chơi thân với tiền đạo người Hà Lan Bas Dost. Cầu thủ mới chuyển về từ Eintracht Frankfurt rất thích Bruno hỗ trợ sau lưng. \"Kỹ thuật của cậu ấy là hoàn hảo. Tôi không hay bắt gặp cầu thủ nào đỡ bóng bước một cừ và có khả năng sút tốt như thế\", Bas Dost nói trên Four Four Two.\r\n\r\nNếu chỉ xét riêng sự nghiệp tại Sporting Lisbon, cả hai huyền thoại Luis Figo và Cristiano Ronaldo đều không có tầm ảnh hưởng lớn như Fernandes. Các CĐV Sporting chưa được thấy một tiền vệ nào quan trọng như anh từ sau thời một huyền thoại khác - tuyển thủ Bulgaria Krasimir Balakov ở nửa đầu những năm 1990. Vì vậy, sau hơn một mùa hè tốn nhiều giấy mực, vụ chuyển nhượng đưa Bruno tới sân Old Trafford vô cùng thu hút truyền thông. Hình ảnh anh tới sân bay Tires để bay sang Manchester khám sức khỏe được đài truyền hình Bồ Đào Nha tường thuật trực tiếp, cho thấy chàng trai từ Maia đã tiến xa tới nhường nào.\r\n\r\n***<paragraph/>***\r\nCựu chủ tịch Sousa Cintra của Sporting kể: \"Tôi làm bóng đá rất lâu và có thể khẳng định với bạn một điều: Bruno là cầu thủ giỏi nhất tại giải Bồ Đào Nha trong vài mùa giải qua. Và quan trọng hơn, cậu ấy còn là một người tuyệt vời, rất lịch sự và quyết tâm. Bruno là mẫu cầu thủ sẽ cải thiện đội bóng của bạn, mang tới luồng sinh khí mới cho phòng thay đồ, dẫn đường cho đồng đội và động viên họ chạy cho tới giọt mồ hôi cuối cùng. Cậu ấy với Sporting cũng như Ronaldo tại Real Madrid: một cầu thủ toàn diện\".\r\n\r\nNhận định của ông Cintra nhanh chóng được kiểm chứng tại Man Utd. Thống kê cho thấy từ khi ký hợp đồng với Bruno, Man Utd kiếm nhiều điểm nhất tại Ngoại hạng Anh. Trong 14 trận kể từ đầu tháng 2/2020, \"Quỷ Đỏ\" bất bại, bỏ túi 32 điểm với chín trận thắng và năm hòa. Xếp sau lần lượt là Man City (30 điểm) và nhà vô địch Liverpool (29 điểm). Thống kê trên cho thấy tác động của Bruno tới một đội bóng từng chìm tới đáy vực thất vọng sau thất bại dưới tay Burnley và giành phần lớn thời gian của mùa giải ở ngoài top 4.\r\n\r\nVị trí thứ ba cùng suất dự Champions League mùa giải tới của Man Utd có công rất lớn của Bruno. Anh được người hâm mộ xem như \"ảo thuật gia người Bồ Đào Nha\" và so sánh với \"món hàng xuất khẩu\" vĩ đại của Sporting Lisbon trước kia - Cristiano Ronaldo. Khoản tiền 55 triệu euro bỏ ra cho Bruno xứng đáng đến từng xu, và thậm chí có nhiều người còn cho rằng anh là bản hợp đồng thành công nhất kể từ sau khi Sir Alex Ferguson giải nghệ.\r\n\r\nKhi bóng đá còn có khán giả trước đại dịch, Bruno thậm chí còn khiến những khán đài dậy sóng trong trận derby Manchester với hành động yêu cầu Pep Guardiola im lặng. Sự hòa nhập tuyệt vời cả trong lẫn ngoài sân cỏ khiến số 18 nhanh chóng nổi lên như một trong những cầu thủ được ưa thích nhất của Man Utd. Ole Gunnar Solskjaer gọi anh là \"nhân tố X với sự hòa trộn giữa Paul Scholes và Juan Sebastian Veron\", đồng thời khẳng định \"tư duy của cậu ấy nhanh hơn những người khác vài bậc\".\r\n\r\nThứ tư duy bóng đá đó được hình thành từ những ngày vất vả cùng đội trẻ, nơi Bruno được sử dụng ở vị trí trung vệ thay vì tiền vệ. Dù chưa bao giờ thực sự thích vị trí này, Fernandes vẫn thừa nhận nó giúp anh trở thành một cầu thủ thông minh hơn. Công lớn thuộc về người thầy cũ Sergio Marques – HLV đầu đời của Fernandes khi anh gia nhập CLB Infesta thuộc vùng Matosinhos thuở lên bảy.\r\n\r\nHLV Marques kể: \"Tiềm năng của Bruno đã có từ những ngày đầu. Cậu ấy luôn là một viên ngọc, nhưng cần được mài dũa. Lứa của Bruno sẽ tập các ngày thứ Hai, thứ Tư, thứ Năm và ra sân thứ Bảy, nhưng cậu ấy luôn muốn học hỏi thêm. Khi tôi hỏi cậu ấy có muốn tập riêng và cải thiện một số kỹ năng hay không, cậu ấy gật đầu không ngần ngại. Vậy là cứ 18h30 mỗi thứ Ba, tôi và Bruno lại tập riêng kỹ năng chuyền và kiểm soát bóng. Nhiều người có thể xem cậu ấy hiện tại như một kẻ liều lĩnh, nhưng tôi xem đó giống như niềm tin mạnh mẽ vào bản thân mình\".',1,2,1,'2020-07-28 12:37:00','2020-08-12 03:47:57',1,0,'https://i1-thethao.vnecdn.net/2020/07/28/Bruno-2-9127-1595909688.jpg?w=1020&h=0&q=100&dpr=1&fit=crop&s=Dzr1Y-XC50rcBnzfT580yg***<paragraph/>***https://i1-thethao.vnecdn.net/2020/07/28/Bruno-1-6292-1595909688.jpg?w=1020&h=0&q=100&dpr=1&fit=crop&s=GvepMHbH-Pj59QMldq6TkA','Bruno Fernandes tạo ra bước ngoặt quan trọng nhất về chất lượng lối chơi cho Man Utd mùa này.***<paragraph/>***Bruno (phải) chia vui với Bas Dost trong một lần tiền đạo người Hà Lan ghi bàn cho Sporting Lisbon.',NULL),(40,55,'Lịch sử cuộc gọi tố cáo tội ác','MỸMùi chất dẫn cháy dày đặc trong không khí khiến điều tra viên phát hiện ra can dầu cùng một thi thể bên dưới lớp nylon bị đốt.\r\n\r\nThi thể không thể nhận dạng được phát hiện bên đường cao tốc, giữa đoạn đường từ thành phố Baltimore, bang Maryland tới biên giới bang Pennsylvania, vào khoảng 1h30 ngày 24/12/2005.\r\n\r\nCảnh sát nhận định đây chỉ là hiện trường phi tang. Phải có ít nhất hai người cùng tham gia phi tang vì trong buổi đêm lạnh giá trước ngày Giáng sinh, một người không đủ khả năng mang thi thể qua hộ lan và vác tới nơi vứt.\r\n\r\nBiên bản giải phẫu cho thấy nạn nhân bị bắn ba phát ở cự ly gần từ phía sau. Phổi không có muội than hoặc dị vật, chứng tỏ nạn nhân đã chết trước khi bị thiêu. Tuy vậy, giám định viên tạm thời chưa thể xác định danh tính nạn nhân.\r\n\r\nDù bị đạn xuyên qua, hộp sọ của nạn nhân còn tương đối nguyên vẹn. Dựa vào các số đo như đường lông mày, độ cao gò má, kích thước hàm,... và mái tóc cháy dở, cảnh sát tạo được bản phác thảo khuôn mặt của nạn nhân sau hai ngày làm việc. Bản vẽ lập tức được gửi cho báo chí và các phương tiện truyền thông.\r\n\r\nBa ngày sau, một người phụ nữ trú tại thành phố Harrisburg, bang Pennsylvania gọi điện cho cảnh sát vì bản phác thảo trông giống bạn trai, Wesley Person, 26 tuổi. Chi tiết Person đeo khuyên tai trái được cảnh sát giấu không đưa cho truyền thông nhưng người gọi vẫn có thể chỉ ra sự khác biệt.\r\n\r\n***<paragraph/>***\r\nPerson không phải là người xa lạ với cảnh sát. Sáu năm trước, anh ta từng bị bắt giữ vì liên quan tới vụ án ma túy nên dấu vân tay đã bị lưu vào trong hồ sơ. Kết quả đối chiếu vân tay trong hồ sơ và phần vân tay còn lành lặn sau ngọn lửa cho thấy người chết chính là Person. Việc cần làm tiếp theo là xác định hiện trường án mạng.\r\n\r\nTrong số bạn bè người thân của Person được cảnh sát phỏng vấn, một người anh họ cho biết đã cùng nạn nhân đi mua sắm đồ cho dịp Giáng sinh vào tối xảy ra án mạng. Khi thanh toán tiền, người anh họ thấy trong túi nạn nhân rủng rỉnh tiền mặt mệnh giá lớn như 50 và 100 USD. Lúc ra về, Person đang rất vui vẻ bỗng trở nên căng thẳng khi gặp hai người bạn khác mà người anh họ không quen biết. Nạn nhân sau đó cùng bạn lên xe rời bãi đỗ, đây cũng có vẻ là lần cuối cùng có người nhìn thấy nạn nhân còn sống.\r\n\r\nNhờ mô tả của người anh họ và một số người khác, cảnh sát xác định hai người bạn kia là bạn lâu năm với Person, lần lượt có tên Justin Glover và Lawrence Murrell, cùng ở vào độ tuổi đầu 20. Cũng như Person, hai người này có tiền sự nhưng chưa bao giờ ngồi tù và chưa từng phạm tội bạo lực. Khi bị hỏi, Cả Glover và Murrell đều nói đã thả Person tại nhà riêng và không liên quan gì tới vụ án mạng.\r\n\r\nKhám xét nhà nạn nhân, cảnh sát tìm thấy một số món đồ mà Person đã mua trong tối hôm ấy, như vậy Person đã về được tới nhà như Glover và Murrel nói. Trong nhà không có dấu hiệu khả nghi như lỗ đạn, máu, hoặc vết tích giằng co. Quá trình khám xe của Murrell, chiếc xe chở Person vào tối hôm đó, cũng không đem lại kết quả.\r\n\r\nLúc này, giám định viên pháp y phát hiện một số manh mối mới. Trên chiếc túi nylon lót dưới thi thể là những mảnh vật chất nhỏ bằng đầu ngón tay chưa bị ngọn lửa phá hủy. Đây được xác định là mảng tường thạch cao được sơn các lớp màu hồng và xanh. Nhưng khác thạch cao thông thường, loại thạch cao này lại có những sợi nhỏ nhô ra từ bên trong. Dưới kính hiển vi, những sợi này được xác định là lông động vật.\r\n\r\nTại Mỹ, trước thập niên 1940, lông động vật là loại vật chất thường được trộn lẫn vào thạch cao để tăng độ liên kết của vật liệu xây dựng. Như vậy, hiện trường vụ án mạng nhiều khả năng là căn nhà được xây dựng trước năm 1940. Tuy nhiên, số lượng nhà được xây trong khoảng thời gian này có thể lên tới hàng nghìn căn. Việc khám xét từng ngôi nhà tìm manh mối là không khả thi.\r\n\r\n***<paragraph/>***\r\nRà soát hồ sơ, cảnh sát nhớ lại chi tiết Person mang nhiều tiền mặt bên mình trong lúc mua sắm. Tại sao nạn nhân lại có nhiều tiền như vậy trong khi không có việc làm? Quá trình điều tra tiếp tục phát hiện Person, Glover, và Murrel đang bị một ngân hàng tại địa phương nghi vấn lừa đảo tín dụng.\r\n\r\nBa người này bị nghi làm giả giấy tờ và cho người đại diện đứng ra vay tiền ngân hàng mua ôtô. Sau khi nhận tiền, người đại diện sẽ không mua ôtô mà chia đều cho Person và đám bạn. Vì người vay chưa bao giờ mua ôtô, ngân hàng không thể thu lại tài sản để bù nợ. Điểm tín dụng của người vay sẽ bị giảm mạnh nhưng nhóm Person không phải chịu hậu quả. Nhóm của Person bị cáo buộc đã chiếm đoạt khoảng 120.000 USD từ ngân hàng trong vòng hai năm bằng thủ đoạn trên.\r\n\r\nTừ đó, cảnh sát đặt giả thuyết việc hai người bạn căng thẳng với Person rất có thể xuất phát từ mâu thuẫn nội bộ và đã dẫn tới cái chết của nạn nhân.\r\n\r\nTập trung vào Glover và Murrel, cảnh sát phát hiện Murrel có tham gia vào lĩnh vực bất động sản. Anh ta mua và tu sửa những căn nhà xuống cấp tại thành phố Harrisburg, bang Pennsylvania, sau đó bán lại kiếm lời. Kết hợp với chi tiết trên thi thể bám loại vụn thạch cao từng được dùng trong xây dựng, cảnh sát cho rằng hiện trường giết người có thể là một trong những căn nhà cũ mà Murrel đang tu sửa.\r\n\r\nTrong 5 căn nhà đứng tên Murrel tại thành phố Harriburg, có ba căn nhà không có người ở tại thời điểm xảy ra vụ án mạng, trong đó một căn được xây từ thập niên 1930. Quá trình khám xét, cảnh sát không phát hiện dấu vết khả nghi. Việc dùng luminol để tìm vết máu bị tẩy xóa dưới tầng hầm cũng không thành công vì đất tại Harrisburg chứa nhiều sắt nên có thể cho ra kết quả sai. Tuy nhiên, dưới căn hầm còn có một đống vật liệu bị vun vào góc nên những thứ này lập tức được gửi về phòng giám định.\r\n\r\n***<paragraph/>***\r\nTừ đống vật liệu, giám định viên tìm được nhiều mảnh tường thạch cao cũng chứa lông động vật và được sơn các lớp màu xanh và hồng, giống vật chất dưới lưng nạn nhân. Thành phần hóa học của hai mẫu vật hoàn toàn trùng khớp với nhau. Không chỉ có vậy, giám định viên còn có thể xác định số lông từ hai mẫu nhiều khả năng thuộc về cùng một con vật.\r\n\r\nNhưng chứng cứ quan trọng nhất lại là giọt máu nhỏ tí trên bề mặt của một mảnh ống thông gió trong đống vật liệu. Kết quả xét nghiệm ADN xác nhận đây là máu của Person, qua đó chứng minh căn nhà đứng tên của Murrel là hiện trường án mạng. Tuy nhiên, đây cũng chưa phải chứng cứ chứng minh Glover và Murrel là hung thủ.\r\n\r\nKiểm tra lịch sử cuộc gọi, cảnh sát thấy rằng Glover nói chuyện với bạn gái gần như cả tối hôm xảy ra án mạng, không khớp với lời khai ở bên bạn gái cả tối của anh ta. Ngoài ra, trước thời điểm thi thể được tìm thấy, điện thoại của cả Glover và Murrel đều từng kết nối với cột phát sóng gần nơi thi thể của Person được tìm thấy. Tối hôm đó, điện thoại của hai người này dường như có cùng đường đi. 10 tuần sau cái chết của Person, Glover và Murrel bị bắt về tội Giết người.\r\n\r\nCông tố viên cáo buộc mâu thuẫn trong nhóm xuất phát từ việc Person kiếm được khoảng 20.000 USD bằng thủ đoạn lừa đảo tín dụng mà không chia cho Glover và Murrel. Hay tin, Glover và Murrel đón Person từ nơi mua sắm về nhà để lấy tiền, sau đó uy hiếp nạn nhân tới căn nhà mà Murrel đang tu sửa.\r\n\r\nDưới tầng hầm, hai bị cáo giết Person bằng ba phát súng từ phía sau rồi lấy túi nylon bọc thi thể mà không biết máu còn bám trên ống thông gió, cũng như các mảng tường thạch cao đặc thù đã lọt vào túi nylon. Sau khi lái 65 dặm tới vùng ngoại ô thành phố Baltimore, Glover và Murrel bỏ xác bên đường, đổ chất dẫn cháy, và châm lửa đốt.\r\n\r\nCuối cùng, bồi thẩm đoàn kết án Glover và Murrel về tội Giết người cấp độ I, tuyên phạt chung thân không ân xá.',1,2,1,'2020-07-28 00:00:00','2020-08-12 03:43:32',1,0,'https://i1-vnexpress.vnecdn.net/2020/07/27/1-JPG-9211-1595842374.jpg?w=1020&h=0&q=100&dpr=1&fit=crop&s=jUJrDTfM6fR9B7B-sFY-TQ***<paragraph/>***https://i1-vnexpress.vnecdn.net/2020/07/27/1-5-JPG-5952-1595842375.jpg?w=1020&h=0&q=100&dpr=1&fit=crop&s=QhcQaoM78xDIU7UKfoq_CA***<paragraph/>***https://i1-vnexpress.vnecdn.net/2020/07/27/2-JPG-8052-1595842375.jpg?w=1020&h=0&q=100&dpr=1&fit=crop&s=UmxnhjZ6KPYyjdxLZ1rfVQ','Bản phác thảo thi thể và Wesley Person. Ảnh: Filmrise.***<paragraph/>***Bề mặt tường thạch cao được trộn lẫn lông động vật. Ảnh: Filmrise.***<paragraph/>***Tầng hầm của căn nhà bị nghi là hiện trường án mạng. Ảnh: Filmrise.',NULL),(41,55,'Hiện trường giả gần hoàn hảo của kẻ giết vợ','Mark Unger bật khóc thảm thiết khi nghe tin vợ chết rồi đi thẳng tới hiện trường, dù chưa được cho biết thi thể nằm ở đâu.\r\n\r\nTrong lúc Mark kêu khóc, chủ khu nhà nghỉ dưỡng tại thành phố Blain, bang Michigan gọi điện cho cảnh sát để báo tin. Hôm đó là ngày 26/10/2003.\r\n\r\nTới nơi, cảnh sát thấy thi thể của nạn nhân, Florence Unger, trôi nổi dưới làn nước bên cạnh khu vực hạ thủy thuyền. Ở độ cao 3,5 m phía trên, một đoạn lan can trên nóc căn cabin có dấu hiệu bị nứt gãy và cong ra ngoài.\r\n\r\n***<paragraph/>***\r\nLàm việc với cảnh sát, Mark cho biết đã đưa vợ và hai con trai dưới 11 tuổi tới đây nghỉ dưỡng. Căn nhà cả gia đình đã thuê trông ra nóc căn cabin hạ thủy thuyền. Mark kể tối hôm ấy cùng vợ ngồi trên nóc căn cabin hóng mát. Được một lúc, Mark vào nhà cho hai con đi ngủ, tới lúc quay ra thì không thấy Florence đâu. Thấy đèn nhà bạn bên cạnh vẫn sáng, Mark cho rằng vợ sang đó nên quay về đi ngủ vì không muốn để các con một mình. Tỉnh dậy vào 7h30, Mark vẫn chưa thấy vợ về nên mới gọi cho chủ khu nhà nghỉ dưỡng.\r\n\r\nKết quả giải phẫu cho thấy trong cơ thể Florence không có cồn hoặc chất kích thích trước khi chết. Phần đầu của Florence chịu thương tích nặng từ cú va chạm với sàn bê tông sau khi rơi 3,5 m, nhưng nguyên nhân tử vong không phải do thương tích ở vùng đầu mà do chết đuối.\r\n\r\nTrong các khả năng, nguyên nhân tự tử được loại bỏ đầu tiên vì bạn bè người thân cho biết Florence không có xu hướng tìm tới cái chết trước khi sự việc xảy ra. Ngoài ra, người mẹ có hai con nhỏ sẽ không đơn thuần bỏ lại các con mà không nói lời nào. Sự việc chỉ có thể là tai nạn hoặc giết người.\r\n\r\nThoạt nhìn, sự việc có vẻ là một vụ tai nạn. Hai người con trai nhỏ không thấy bố mẹ cãi nhau trong tối hôm đó. Florence có thể ngồi tựa lên lan can và đã ngã ngửa xuống dưới sau khi lan can nứt vỡ. Nhưng vị trí thi thể va chạm với nền đất còn cách làn nước gần một mét. Không biết vì lý do gì, Florence lại rơi xuống hồ.\r\n\r\nChuyên gia pháp y độc lập do Mark thuê nhận định với cú rơi từ độ cao 3,5 m, đà rơi có thể khiến cơ thể Mark nảy hoặc lăn xuống hồ sau khi va chạm với sàn. Cũng có thể chính nạn nhân vô tình bước xuống hồ do choáng váng sau cú va chạm. Chuyên gia độc lập đưa ra nhiều video mô phỏng 5 khả năng Florence có thể rơi xuống nước và kết luận đây là vụ tai nạn.\r\n\r\nTuy nhiên, chuyên gia giám định của cảnh sát không đồng ý với kết luận trên. Vị này cho rằng cơ thể người không nảy lên sau khi va chạm với nền đất nên Florence không thể nảy xuống hồ sau cú ngã. Cú ngã mạnh nhiều khả năng sẽ khiến Mark bất tỉnh ngay sau khi va chạm nên không thể có chuyện vô tình di chuyển xuống nước.\r\n\r\nTại hiện trường, nền đất có vết máu khô đường kính khoảng 30 cm. Để máu lan rộng như vậy trên bề mặt bê tông, thi thể nạn nhân được chuyên gia của cảnh sát xác định là phải ở đó một khoảng thời gian. Ngoài ra, vị trí vết máu ở dưới và nơi lan can bị gãy không thẳng hàng với nhau nếu nạn nhân ngã.\r\n\r\n***<paragraph/>***\r\nĐặc biệt, dưới kính hiển vi, chuyên gia của cảnh sát thấy rằng não của Florence đã giải phóng loại protein có chức năng sửa chữa thiệt hại. Đây là dấu hiệu cho thấy Florence không rơi xuống nước ngay vì bộ não của Florence đã cố giành giật sự sống trong một khoảng thời gian sau cú va chạm. Khoảng thời gian từ sau cú đập đầu và trước khi Florence chết đuối được xác định kéo dài từ 90 phút tới hai tiếng.\r\n\r\nĐể xét xem cân nậng gần 50 kg của Florence có thể làm gãy lan can hay không, cảnh sát áp trọng lượng tăng dần lên phần lan can còn nguyên vẹn. Kết quả thực nghiệm cho thấy phần lan can vẫn không suy chuyển khi lực tác động lên tới 90 kg.\r\n\r\nĐiều tra về cuộc sống vợ chồng, cảnh sát thấy rằng Mark và Florence không hạnh phúc như người ngoài vẫn tưởng. Mark có thói cờ bạc, từng thua khoảng 7.000 USD vài ngày trước khi vợ chết. Ông ta thường dùng chất kích thích, thậm chí có lần phải dành 6 tháng trong trại cai nghiện. Sau khi xuất trại, Mark không đi làm trở lại mà quyết định ở nhà chăm con.\r\n\r\nHai tháng trước, Florence đệ đơn xin ly dị và chuyển sang qua lại với một người bạn thân của Mark. Nếu Florence chết, Mark là người thụ hưởng duy nhất hai hợp đồng bảo hiểm với tổng giá trị là 750.000 USD. Như vậy, Mark có động cơ gây án về tài chính và tình cảm.\r\n\r\nLúc này, chủ khu nghỉ dưỡng cho biết sáng hôm ấy đã báo tin cho Mark sau khi phát hiện thi thể Florence dưới nước. Mark hoàn toàn không hỏi vị trí ở đâu nhưng vẫn có thể đi thẳng tới ngay bên cạnh thi thể. Theo chủ khu nghỉ dưởng, Mark vốn không thể nhìn thấy thi thể từ nơi đang đứng vì bị cây cối và phần bờ hồ che chắn.\r\n\r\nĐể chứng thực thông tin này, cảnh sát đặt hình nộm tại nơi tìm thấy thi thể nạn nhân, sau đó cầm máy quay đi từ nơi Mark đứng nói chuyện với chủ khu nghỉ dưỡng tới hình nộm. Kết quả thực nghiệm cho thấy Mark sẽ chỉ biết vị trí thi thể cho tới khi đứng ngay phía trên. Do đó, việc Mark có thể đi thẳng tới thi thể nạn nhân rất đáng ngờ.\r\n\r\nDù vậy, điều tra viên vẫn cần tìm chứng cứ khác để củng cố giả thuyết giết người. Rà soát đồ vật thu của Mark sau khi sự việc xảy ra, cảnh sát phát hiện một số đốm trắng trông giống vết sơn. Kết quả giám định xác nhận những đốm trắng này đúng là sơn và có đặc điểm hóa học giống hệt mẫu sơn trắng lấy từ lan can. Đây được điều tra viên nhận định là chứng cứ cho thấy Mark đá mạnh giày vào lan can nên phần sơn trắng mới bám vào.\r\n\r\nCho rằng có đủ chứng cứ, điều tra viên khởi tố Mark về tội Giết người cấp độ I, 7 tháng sau khi Florence chết.\r\n\r\nCông tố viên cáo buộc tối hôm đó, Mark muốn hàn gắn quan hệ nhưng Florence không đồng ý. Tức giận, Mark đẩy Florence ngã qua lan can và để vợ chịu thương tích nằm đó trong ít nhất 90 phút nên mới để lại vết máu có đường kính 30 cm.\r\n\r\nSau khi cho con trai đi ngủ, Mark trở lại hiện trường, thấy vợ còn sống nên đẩy xuống nước. Để tạo hiện trường giả như vụ tai nạn, ông ta đạp gãy phần lan can khiến sơn trắng bám vào giày. Tuy nhiên, Mark đạp vào vị trí lan can không khớp với vị trí thi thể.\r\n\r\nNăm 2006, Mark bị kết tội Giết người cấp độ I, lãnh án chung thân không ân xá. Tới năm 2008, mọi yêu cầu kháng cáo của Mark đã bị bác bỏ. Hiện, ông ta chấp hành án tại nhà tù thuộc hạt Chippewa, bang Michigan.',1,2,1,'2020-07-25 00:00:00','2020-08-12 03:40:06',1,0,'https://i1-vnexpress.vnecdn.net/2020/07/24/1-5086-1595588906.jpg?w=1020&h=0&q=100&dpr=1&fit=crop&s=UEnhjDVlpNoIdcD8Ij-jpg***<paragraph/>***https://i1-vnexpress.vnecdn.net/2020/07/24/2-1143-1595588906.jpg?w=1020&h=0&q=100&dpr=1&fit=crop&s=j4dAebJbaQ8o86ojWBrLPQ','Hiện trường là căn cabin cạnh hồ nước. Ảnh: Filmrise.***<paragraph/>***Nơi lan can gãy và vị trí vết máu không trùng khớp. Ảnh: Filmrise.',NULL),(42,55,'Hơn 20 ngày trốn chạy của kẻ giết người','Sau khi giết tài xế xe ôm cướp tài sản, Phạm Xuân Nam, 36 tuổi, bỏ trốn đến nhiều tỉnh thành, liên tục trộm cắp để có tiền chơi ma túy và tiêu xài.\r\n\r\nNgười đàn ông mặc chiếc áo đẫm máu với vết thương ở lưng, đội mũ bảo hiểm màu vàng chạy bộ đến quán ăn tại phường Cam Nghĩa, TP Cam Ranh, cầu cứu khuya 12/6. \"Tôi là xe ôm, bị khách là thanh niên đâm...\", chỉ nói được thế, ông lịm dần.\r\n\r\nNạn nhân được đưa đi cấp cứu với vết đâm khá sâu ở lưng, suy tuần hoàn, mất nhiều máu, tử vong sau đó. Trong ví của ông có vài trăm nghìn đồng, giấy tờ mang tên Huỳnh Văn Trung, 57 tuổi, quê Ninh Thuận.\r\n\r\nCảnh sát xác định, trước đó, điện thoại của ông có hơn chục cuộc gọi đến và đi, đều được lưu tên, ngoại trừ số điện thoại có đuôi 332. Gia đình cho biết, ông Trung thường đứng đón khách ở Ngã 5 Phủ Hà, TP Phan Rang - Tháp Chàm (Ninh Thuận), rời nhà từ sáng 12/6.\r\n\r\n***<paragraph/>***\r\nHình ảnh trích xuất camera an ninh tại khu vực cho thấy, người đàn ông đeo balô, cao hơn 1,6 m, mặc áo thun xanh, quần dài vải tối màu, đi ra từ nhà nghỉ đối diện chỗ ông Trung đón khách. Sau vài câu trò chuyện, người này nhận chiếc mũ bảo hiểm màu vàng, lên xe nạn nhân chở trên quốc lộ, hướng về Khánh Hòa.\r\n\r\nNhân viên nhà nghỉ nhận ra đây là khách thuê phòng hồi 16h ngày 12/6, cung cấp giấy tờ mang tên Phạm Xuân Nam, quê Vũng Tàu. Anh ta sau đó đi ra ngoài hơn 30 phút thì quay về đóng cửa, không ra ngoài đến lúc trả phòng đêm đó.\r\n\r\nTại Vũng Tàu, nhà chức trách xác định số điện thoại có đuôi 332 là của Nam. Tuy nhiên, Nam đã rời địa phương nhiều tuần, không ai biết đi đâu. Điện thoại gọi không bắt máy.\r\n\r\nNam học đến lớp 8 thì nghỉ, sống với cha làm bảo vệ, sau khi vợ chồng ông chia tay. Hắn là thanh niên bất hảo, nghiện ma túy và có tiền án về tội Cố ý gây thương tích, Trộm cắp tài sản. Em trai 31 tuổi của Nam cũng có tiền án Hủy hoại tài sản và đang cai nghiện bắt buộc.\r\n\r\nBan chuyên án nhận định, từ mốc thời gian nghi phạm rời nhà nghỉ, đến việc số điện thoại hắn gọi cho nạn nhân liên quan với nhau. Một vài góc quay camera an ninh trên quốc lộ, nối Ninh Thuận - Khánh Hòa, nhận diện vóc dáng, đặc điểm của Nam ngồi sau xe máy. Tổng hợp những chỉ dấu cần thiết về Nam, cơ quan điều tra phát thông báo đến từng địa phương nhờ hỗ trợ truy tìm nghi can giết người.\r\n\r\nTrung tá Nguyễn Quốc Bình (Đội phó điều tra về trật tự xã hội Công an Khánh Hòa) cho biết, nhiều khả năng Nam không trở lại Vũng Tàu mà đi các tỉnh miền Trung, Bắc, nhất là mẹ gã đang ở Nghệ An. Các trinh sát tỏa đi nhiều nơi nhưng không có kết quả.\r\n\r\nMột tuần trôi qua, khi các dấu tích của nghi phạm đều mù mờ thì cảnh sát nhận tin có người đàn ông như miêu tả quanh quẩn ở thị xã Kỳ Anh (Hà Tĩnh). Tuy nhiên, khi trinh sát đến nơi thì kẻ tình nghi đã mất dạng. \"Mỗi lần nghe ở đâu có người giống anh ta, chúng tôi lập tức đến nhưng đều không có kết quả\", trung tá Bình nói.\r\n\r\nĐêm 2/7, cảnh sát tiếp tục nhận tin nghi can xuất hiện trong khách sạn ở phường Đông Lương, TP Đông Hà, tỉnh Quảng Trị, liền tổ chức mật phục, ập vào khống chế. Sau một hồi thảng thốt, Nam tra tay vào còng, bị di lý về Khánh Hòa.\r\n\r\nNam thừa nhận, hôm đó cần tiền xài nên nảy sinh ý định cướp tài sản của xe ôm. Sau khi lân la xin số điện thoại của ông Trung, hắn giả vờ thuê chở giá 200.000 đồng, tìm cơ hội ra tay. Đi được 30 phút đến khu vực vắng, Nam rút dao đâm hai nhát vào lưng nạn nhân. Ông Trung quăng xe bỏ chạy và kêu cứu, Nam sợ bị phát hiện nên trốn khỏi hiện trường, kế hoạch cướp bất thành.\r\n\r\nHắn quay về phòng trọ trước khi bỏ trốn đến thị xã Kỳ Anh (Hà Tĩnh). Không có tiền, anh ta tìm cách đột nhập nhà dân trộm tài sản. Rạng sáng 19/6, Nam mò vào Bệnh viện đa khoa thị xã Kỳ Anh, trộm túi xách có 8 triệu đồng cùng nhiều giấy tờ của nữ bệnh nhân. Hắn mua ma túy sử dụng.\r\n\r\nTrong hơn 20 ngày lẩn trốn, Nam lang thang các tỉnh thành, nơi xa nhất là Phú Thọ bằng cách lên các xe container hoặc xe tải đường dài. Ở mỗi nơi, hắn đều lảng vảng ở bến xe bởi luôn đông đúc, mọi người từ nhiều nơi đổ về nên \"cảnh sát sẽ khó tìm thấy\". Ban ngày hắn lang thang các ngõ ngách, tìm ai sơ hở là trộm. Tối, có tiền thì hắn thuê nhà nghỉ còn không ngủ trong bến xe.\r\n\r\nNam bị bắt giam, khởi tố về tội Giết người và Trộm cắp tài sản.',1,2,1,'2020-07-22 10:29:00','2020-08-12 03:34:13',1,0,'https://i1-vnexpress.vnecdn.net/2020/07/20/VnE-Namtaicongan-XuanNgoc-5615-1595244262.jpg?w=1020&h=0&q=100&dpr=1&fit=crop&s=CW7ewHoSMZvQpzgsWj-6FA','Phạm Xuân Nam tại cơ quan điều tra. Ảnh: Công an cung cấp.',NULL),(43,63,'Bộ Y tế tìm người trên chuyến xe khách Hà Nội - TP HCM','Hành khách chuyến VJ770 Nha Trang - Hà Nội ngày 30/7; xe hãng Ngọc Sáng biển số 51B-23417 ngày 5/8 từ Hà Nội tới TP HCM, cần liên hệ y tế.\r\n\r\nBộ Y tế tối 9/8 đề nghị những hành khách nói trên liên hệ ngay với cơ quan y tế gần nhất để được tư vấn, hỗ trợ, qua các đường dây nóng của Bộ Y tế (19009095); CDC Hà Nội (0969082115 hoặc 0949396115); CDC TP HCM 0869577133 và CDC Khánh Hòa 0911662233 để cung cấp số điện thoại những người đã tiếp xúc gần với mình.\r\n\r\nNhững người này cũng cần khai báo y tế trực tuyến tại https://tokhaiyte.vn hoặc tải ứng dụng NCOVI từ địa chỉ https://ncovi.vn; cài đặt ứng dụng Bluezone để được cảnh báo nguy cơ lây nhiễm Covid-19 https://www.bluezone.gov.vn .\r\n\r\nTrưa 6/8, Bộ Y tế tìm người đến Nhà hàng tiệc cưới Golden Phoenix, Trung tâm tiệc cưới Biển Xanh, Trung tâm hội nghị Phì Lũ, liên quan ca Covid-19.\r\n\r\nCụ thể:\r\n\r\n- Nhà hàng tiệc cưới Golden Phoenix, đường 2 tháng 9, Hòa Cường Bắc, Hải Châu, Đà Nẵng, ngày 22/7;\r\n\r\n- Trung tâm hội nghị, tiệc cưới Phì Lũ, đường 2 tháng 9, Hòa Cường Bắc, Hải Châu, Đà Nẵng, trưa 24/7;\r\n\r\n- Trung tâm tiệc cưới Biển Xanh, khu dân cư văn hóa biển Kim Liên, Hòa Hiệp Bắc, Liên Chiểu, Đà Nẵng, chiều 26/7.\r\n\r\nTối 5/8, Bộ Y tế thông báo tìm tất cả hành khách trên chuyến bay VN7198 từ Đà Nẵng đến Hà Nội ngày 24/7.\r\n\r\nHôm 2/8, Bộ Y tế thông báo tìm người đến một số địa điểm tại Đà Nẵng, Huế, Quảng Nam và hành khách trên hai chuyến bay từ Đà Nẵng đến TP HCM, Buôn Ma Thuột.\r\n\r\nCụ thể, tìm người đã đến các địa điểm sau:\r\n\r\n- Quán Nhúng Ớt, 10 Phạm Quang Ảnh, An Hải Bắc, Sơn Trà, TP Đà Nẵng chiều tối 18/7;\r\n\r\n- Homestay Huế villa, 27 Lê Trung Đình, phường Thuận Lộc, TP Huế, Thừa Thiên - Huế ngày 23-24/7;\r\n\r\n- Khách sạn Mercure Danang French Village Bà Nà Hills, TP Đà Nẵng ngày 19-20/7;\r\n\r\n- Quán cà phê Mắt Biếc, 68 Bao Vinh, Hương Vinh, Hương Trà, Thừa Thiên - Huế tối 23/7;\r\n\r\n- Khách sạn A Little Luxury Hội An, 9 Phan Bội Châu, Hội An, Quảng Nam ngày 20-21/7.\r\n\r\nTìm hành khách trên hai chuyến bay:\r\n\r\n- VN1915 từ Đà Nẵng đi Buôn Ma Thuột ngày 25/7;\r\n\r\n- VN119 từ Đà Nẵng đến TP HCM ngày 25/7.\r\n\r\nTối 1/8, Bộ Y tế tìm người đến các điểm sau:\r\n\r\n- Chùa Bảo Thắng, P. Sơn Phong, TP Hội An, Quảng Nam, từ ngày 22/7;\r\n\r\n- Công ty TNHH Sinaran Việt Nam, Đường số 5, Khu Công nghiệp Đà Nẵng, quận Sơn Trà, TP Đà Nẵng, từ ngày 16-20/7 và từ ngày 24-26/7;\r\n\r\n- Khoa Nội thần kinh, Bệnh viện Đa khoa Quốc tế Vinmec Đà Nẵng, từ 8h-9h ngày 17/7;\r\n\r\n- Phòng khám bác sĩ Phi Anh, 840 Trần Cao Vân, Thanh Khê Đông, Thanh Khê, TP Đà Nẵng, chiều 17/7 và chiều 25/7.\r\n\r\n- Chợ Đống Đa, Hải Châu, TP Đà Nẵng, ngày 20/7;\r\n\r\n- Quán Moss Coffee, 140/2 Hải Phòng, Hải Châu, Đà Nẵng, từ ngày 20-22/7.\r\n\r\n- Bệnh viện Phụ sản Nhi, TP Đà Nẵng, ngày 21-23/7;\r\n\r\n- Nhà hàng Táo đỏ, 20 Nguyễn Thiện Thuật, Bình Hiên, Hải Châu, TP Đà Nẵng, chiều 22/7;\r\n\r\n- Quán Tuyết Mơ, Nguyễn Phan Vinh, TP Đà Nẵng, tối 22/7;\r\n\r\nHành khách trên chuyến bay:\r\n\r\n- Chuyến bay VJ1379 từ Quảng Nam đến TP HCM ngày 28/7.\r\n\r\n- Chuyến bay VJ647 từ Đà Nẵng đến TP HCM ngày 22/7.\r\n\r\nNgày 31/7 Bộ Y tế phát thông tin tìm người, địa điểm, thời gian sau:\r\n\r\n- Khách sạn Tarasa ở 191 Đống Đa, Thạch Thanh, TP Đà Nẵng, từ ngày 19-24/7;\r\n\r\n- Quán cà phê Farme, đường số 13, Hiệp Bình Chánh, Thủ Đức, TP HCM, sáng 26/7;\r\n\r\n- Hành khách trên chuyến bay QH0159 Đà Nẵng -TP HCM ngày 24/7;\r\n\r\n- Hành khách trên chuyến bay BL671 Đà Nẵng - TP HCM ngày 25/7.\r\n\r\nBộ đề nghị tất cả người liên quan những điểm và thời gian trên, khẩn trương khai báo y tế. Họ cần liên hệ cơ quan y tế và gọi điện đến các đường dây nóng của Bộ Y tế (19009095); CDC Đà Nẵng (0905.108.844); CDC TP.HCM (0869.577.133) để cung cấp số điện thoại những người đã tiếp xúc gần với mình.\r\n\r\nNgoài ra, Bộ Y tế cũng đề nghị thực hiện khai báo y tế trực tuyến tại https://tokhaiyte.vn hoặc tải ứng dụng NCOVI từ địa chỉ https://ncovi.vn và thường xuyên cập nhật tình trạng sức khỏe của bản thân. Cài đặt ứng dụng Bluezone để được cảnh báo nguy cơ lây nhiễm Covid-19: https://www.bluezone.gov.vn.\r\n\r\nChiều 31/7, Bộ Y tế cũng thông báo tìm tất cả người đến thăm, chăm sóc bệnh nhân hoặc đến khám, điều trị tại Bệnh viện Đà Nẵng từ ngày 1/7; các hành khách trên chuyến bay VN166 lúc 8h30 ngày 25/7 từ Đà Nẵng về Hà Nội, khẩn trương liên hệ với cơ quan y tế gần nhất để được tư vấn, hỗ trợ xét nghiệm sàng lọc nCoV.\r\n\r\nNhững ngày trước, Bộ Y tế đã thông báo tìm người đến các nơi có ca nhiễm nCoV.\r\n\r\nTại Đà Nẵng, thời gian và địa điểm sau đây:\r\n\r\n- Cà phê Doll House, số 1 Nguyễn Văn Thoại, Bắc Mỹ Phú, Sơn Trà vào: 9h30-11h ngày 12/7; 7h30-8h30 ngày 13/7; 15h-16h30 ngày 14/7.\r\n\r\n- Khách sạn Huỳnh Gia Ngư, số 169 đường Nguyễn Văn Thoại, quận Sơn Trà ngày 12-13/7.\r\n\r\n- Quán Cọ Xanh, bãi biển Mỹ Khê từ 18h-20h ngày 12/7.\r\n\r\n- Quán RƠM food & drink, số 114 Nguyễn Văn Thoại, quận Sơn Trà từ 21h-23h ngày 12-13/7.\r\n\r\n- Bà Nà Hills, xã Hòa Ninh, huyện Hòa Vang ngày 13/7.\r\n\r\n- OQ Lounge Pub DnD, số 18 Bạch Đằng, Thạch Thang, Hải Châu từ 21h-00h30 ngày 13/7.\r\n\r\n- Kem bơ cô Vân, Chợ Bắc Mỹ An, Ngũ Hành Sơn từ 13h-15h ngày 14/7.\r\n\r\n- Mining Book Coffee, 54 Hà Văn Tính, Hòa Khánh Nam, Liên Chiểu chiều ngày 17-18/7/2020 và ngày 22-23/7.\r\n\r\n- Công Ty TNHH Kane-M Đà Nẵng, đường số 2, Hòa Khánh Bắc, Liên Chiểu từ ngày 17-22/7 và sáng 27/7.\r\n\r\n- Big C Đà Nẵng, 257 Hùng Vương, Khu thương mại Thanh Khê ngày 18/7 và chiều 26/7.\r\n\r\n- Nhà thờ An Ngãi Đông, đường Âu Cơ, Hòa Liên, Hòa Vang chiều ngày 19/7.\r\n\r\n- Chợ Mới, 212 Hoàng Diệu, Nam Dương, Hải Châu từ ngày 20-22/7.\r\n\r\n- Quán chay Tâm Phúc, số 132 Quang Trung, Thạch Thang, Hải Châu ngày 24-26/7.\r\n\r\n- Quán 142 đường Quang Trung, Thạch Thang, Hải Châu ngày 24-26/7.\r\n\r\n- Quán mì Quảng Túy Loan đường Quang Trung, Thạch Thang, Hải Châu ngày 24-26/7.\r\n\r\n- Cửa hàng giặt là, số 95 Hải Phòng, Hải Châu ngày 24-26/7.\r\n\r\n- Siêu thị Vinmart, số 114 Quang Trung, Thạch Thang, Hải Châu tối 25/7.\r\n\r\n- Chuyến xe khách từ TP Đà Nẵng đến TP Buôn Ma Thuột, nhà xe Quốc Trung (tuyến Thanh Hóa - Đăk Lăk), xuất phát từ TP Đà Nẵng lúc 19h ngày 26/7 và đến Bến xe Liên tỉnh Đăk Lăk lúc 10h ngày 27/7\r\n\r\nTại Quảng Nam, thời gian và địa điểm sau đây:\r\n\r\n- Bánh mì Phượng, 2B Phan Chu Trinh, Cẩm Châu, Hội An chiều 14/7.\r\n\r\n- Hoi An Silk Marina Resort & Spa, số 74 đường 18 Tháng 8, Phường Minh An, Hội An ngày 24/7 đến 14h chiều 25/7.\r\n\r\n- Phố cổ Hội An ngày 24/7 đến 14h chiều 25/7.\r\n\r\nTại Hà Nội, thời gian và địa điểm sau đây:\r\n\r\n- Chuyến bay Đà Nẵng - Hà Nội, số hiệu VN166 và VN168 ngày 15/7.\r\n\r\n- Pizza Al Fresco\'s, số 106 Trần Thái Tông, Dịch Vọng Hậu, Cầu Giấy từ ngày 16-22/7.\r\n\r\n- Nhà thuốc Nam Xuân, số 274 Mễ Trì Thượng, Mễ Trì, Nam Từ Liêm, ngày 24/7.\r\n\r\n- Phòng khám Thái Hà, ngõ 178 phố Thái Hà, Đống Đa sáng 28/7.\r\n\r\nTại TP HCM, thời gian và địa điểm sau đây:\r\n\r\n- Bệnh viện Triều An, 425 Kinh Dương Vương, An Lạc, Bình Tân từ 21h-22h ngày 21/7.\r\n\r\n- Bệnh viện Quốc tế City, số 3 Đường Số 17A, Bình Trị Đông B, Bình Tân từ 10h ngày 21/7 đến ngày 22/7.\r\n\r\n- Khách sạn Thanh Danh 2, số 104 - 110 Đường Châu Văn Liêm, Phường 11, Quận 5 chiều 21/7/2020 và sáng 22/7.\r\n\r\n- AEON MALL Bình Tân, số 1 Đường Số 17A, Bình Trị Đông B, Bình Tân từ ngày 22-26/7.\r\n\r\nNgày 28/7, Bộ Y tế cũng thông báo tìm người ở các nơi sau:\r\n\r\nTại Đà Nẵng, thời gian và địa điểm sau đây:\r\n\r\n- Intercontinental Đà Nẵng, Bán đảo Sơn Trà, ngày 17-18/7.\r\n\r\n- Nhà hàng Bảy Ban - Bãi Rạn, đường Hoàng Sa, Thọ Quang, Sơn Trà, từ 17h30 đến 20h ngày 17/7.\r\n\r\n- Nhà hàng Hải sản Cua Biển, số 112 Võ Nguyên Giáp, Phước Mỹ, Sơn Trà, vào trưa ngày 18/7.\r\n\r\n- Chùa Pháp Hội, 69 Nguyễn Văn Thoại, An Hải Đông, Sơn Trà, ngày 18/7 và 25/7.\r\n\r\n- Sân cầu lông Thanh Khê Đông, đường Đỗ Ngọc Du, phường Thanh Khê Đông, quận Thanh Khê, từ 14-16h ngày 19/7.\r\n\r\n- Quán Bún trên vỉa hè ở đối diện địa chỉ 152 Lê Duẩn, phường Thạch Thang, quận Hải Châu (chợ đêm Lê Duẩn), vào buổi sáng vào các ngày 20-25/7.\r\n\r\n- Limousine Cafe, số 419 Nguyễn Tất Thành, phường Thanh Bình, quận Hải Châu, vào buổi sáng vào các ngày 20-23/7.\r\n\r\n- Chợ An Hải Đông, K/54 Lê Hữu Trác, phường An Hải Đông, Quận Sơn Trà, từ ngày 20-24/7.\r\n\r\n- Chợ tự phát (quán cóc) dọc đường Hải Phòng, gần đường Điện Biên Phủ, phường Thanh Khê, từ ngày 20-25/7.\r\n\r\n- Cà phê Lối Cũ, 07 Hải Phòng, Thạch Thang, Hải Châu (gần Bệnh viện Đà Nẵng) vào 7h-7h15 sáng ngày 22/7.\r\n\r\n- Demen Coffee House, số 89 Nguyễn Trác, phường Hòa Cường Bắc, quận Hải Châu vào chiều ngày 23/7.\r\n\r\n- Quán Lẩu & Nướng Phúc Tửu quán, số 366 Đống Đa, phường Thanh Bình, quận Hải Châu vào 16-17h ngày 24/7.\r\n\r\n- Coffee Highland ở địa chỉ 203 Ông Ích Khiêm, phường Tân Chính, quận Thanh Khê vào 19h-20h30 ngày 24/7.\r\n\r\n- Quán trên vỉa hè ở đối diện địa chỉ: 40 Đinh Tiên Hoàng, phường Thanh Bình, quận Hải Châu sáng ngày 25/7.\r\n\r\n- Nhà hàng của Khách sạn Công đoàn, số 2 Ông Ích Khiêm, phường Thanh Bình, quận Hải Châu vào trưa ngày 25/7.\r\n\r\n- Bệnh viện 199 - Bộ Công An, số 216 Nguyễn Công Trứ, Phường An Hải Bắc, Sơn Trà vào chiều ngày 26/7.\r\n\r\n- Trung tâm Y tế quận Sơn Trà, số 118 Ngô Quyền, phường An Hải Bắc, Sơn Trà vào chiều ngày 26/7.\r\n\r\nTại Quảng Nam, thời gian và địa điểm sau đây:\r\n\r\n- Chợ ngã 4 Ái Nghĩa, thị trấn Ái Nghĩa, huyện Đại Lộc vào ngày 22/7.\r\n\r\n- Chùa Giác Nguyên, khu 2, thị trấn Ái Nghĩa, huyện Đại Lộc vào tối ngày 24/7/2020 và sáng ngày 25/7.\r\n\r\n- Bệnh viện Đa khoa Vĩnh Đức, Khối 8A, huyện Điện Bàn ngày 25/7.\r\n\r\n***<paragraph/>***\r\nNgày 26/7, Bộ Y tế ra thông báo tìm những người đến các nơi liên quan \"bệnh nhân 416\", 418, 419, 420.\r\n\r\nNhững người đến và sử dụng dịch vụ tại ba bệnh viện Đà Nẵng:\r\n\r\n- Bệnh viện C Đà Nẵng: từ ngày 20-22/7;\r\n\r\n- Bệnh viện Đa khoa Đà Nẵng: ngày 16/7 và 18/7 tại phòng 506 Khoa Nội hô hấp và ngày 23/7 tại phòng Hồi sức tích cực;\r\n\r\n- Bệnh viện Chỉnh hình và Phục hồi chức năng Đà Nẵng: từ ngày 14-16/7 và ngày 20-21/7 tại căng tin bệnh viện, nhà thuốc bệnh viện, phòng 401, khu B.\r\n\r\nNhững người đã sử dụng dịch vụ xe khách của nhà xe Thanh Hường:\r\n\r\n- Chuyến 3h chiều 17/7 từ Đà Nẵng đến Quảng Ngãi;\r\n\r\n- Chuyến 3h sáng 20/7 từ Quảng Ngãi đi Đà Nẵng, đến Bệnh viện Chỉnh hình và Phục hồi chức năng Đà Nẵng lúc 6h30 sáng cùng ngày.\r\n\r\nNgoài ra, còn có những địa điểm sau:\r\n\r\n- Chuyến tàu 23h ngày 21/7, số hiệu SE7 từ Đà Nẵng đến Quảng Ngãi.\r\n\r\n- Chợ đầu mối Hòa Cường, 65 Lê Nổ, Hòa Cường Nam, Hải Châu, Đà Nẵng, sáng các ngày 8-12/7.\r\n\r\n- Quán bún Cô Nở, đường Nguyễn Thụy, Quảng Ngãi, sáng ngày 18/7.\r\n\r\n- Dự tân gia tại hẻm 1 Nguyễn Thông, Quảng Phú, TP. Quảng Ngãi, tỉnh Quảng Ngãi, ngày 19/7.\r\n\r\n- Nhà Văn hóa Lao động, đường Hùng Vương, tỉnh Quảng Ngãi, 20-21h ngày 23/7.\r\n\r\n- Trung tâm tiệc cưới For You Palace ở Đà Nẵng lúc 10h30 đến 12h30 ngày 18/7, liên quan \"bệnh nhân 416\".\r\n\r\n***<paragraph/>***',5,2,1,'2020-07-28 20:39:00','2020-08-12 03:30:39',1,0,'https://i1-suckhoe.vnecdn.net/2020/08/09/115977100-1413231805553226-609-4801-9318-1596984498.jpg?w=1020&h=0&q=100&dpr=1&fit=crop&s=BrA-zPO468NpY-qeWz7lUA***<paragraph/>***https://i1-suckhoe.vnecdn.net/2020/08/09/img-3177-jpg-1595747411-159575-1577-3047-1596984498.jpg?w=1020&h=0&q=100&dpr=1&fit=crop&s=2Pw4i7pZ0GJNFv1ZRcnFOQ','Công an, dân phòng lập gác chắn tạm cách ly ngõ bệnh nhân 434 ở, lúc 9h ngày 28/7. Ảnh: Nguyễn Đông.\r\n***<paragraph/>***Người dân đến Trạm y tế phường Thanh Bình, quận Hải Châu khai báo y tế sáng 26/7. Ảnh: Đắc Thành.',NULL),(46,60,'Trắc nghiệm về các nước Đông Á','Quốc gia Đông Á nào có biệt danh là \'vùng đất của bầu trời xanh\'? Tên quốc gia nào mang ý nghĩa là \'nguồn gốc của mặt trời\'?',1,2,1,'2020-02-10 19:12:00','2020-08-12 03:22:42',4,0,'https://i1-vnexpress.vnecdn.net/2020/02/10/Mong-Co-1207-1581333862.jpg?w=1020&h=0&q=100&dpr=1&fit=crop&s=1vY8pdL3afmiJIgBk30-Yg','Khung cảnh phổ biến ở \"vùng đất của bầu trời xanh\". Ảnh: Shutterstock',NULL),(47,60,'Năm câu đố về công trình nổi tiếng','Bạn có biết Đấu trường La Mã là biểu tượng của quốc gia nào? Bức tượng Nàng tiên cá được đặt tại đâu?',5,2,1,'2020-05-12 11:58:00','2020-08-04 07:01:27',4,0,NULL,NULL,NULL),(48,113,'Yêu cầu xem xét việc bố trí Bí thư Thành ủy Bắc Ninh','Ban Tổ chức Trung ương yêu cầu cấp có thẩm quyền tỉnh Bắc Ninh xem xét việc bố trí ông Nguyễn Nhân Chinh làm Bí thư Thành ủy Bắc Ninh.\r\n\r\nSáng 4/8, nguồn tin xác nhận nội dung trên và cho biết yêu cầu được đưa ra căn cứ theo chức năng, nhiệm vụ của Ban Tổ chức Trung ương.\r\n\r\nTheo đó, liên quan đến việc chỉ định ông Nguyễn Nhân Chinh giữ chức Bí thư Thành ủy Bắc Ninh, Ban Tổ chức Trung ương yêu cầu cấp có thẩm quyền tỉnh Bắc Ninh \"phải bám sát các quy định; phân tích đánh giá kỹ lưỡng, thực hiện trách nhiệm nêu gương, nhất là của người đứng đầu trong bố trí cán bộ\".',1,2,1,'2020-08-04 11:34:00','2020-08-11 14:53:50',1,0,'https://i1-vnexpress.vnecdn.net/2020/08/04/nguyen-nhan-Chinh-7699-1595575-6584-2921-1596514897.jpg?w=1020&h=0&q=100&dpr=1&fit=crop&s=EHluL-AQnEgH-BKCQ0FaXw','Ông Nguyễn Nhân Chinh (thứ hai từ phải qua) nhận quyết định giữ chức Bí thư Thành ủy Bắc Ninh. Ảnh: Tỉnh đoàn Bắc Ninh',NULL),(49,35,'Con gái 18 tuổi của Lý Hương','Princess Lam - con gái Lý Hương - có vẻ ngoài nóng bỏng, khuôn mặt thừa hưởng nhiều nét từ mẹ.',1,2,1,'2020-08-04 00:00:00','2020-08-11 14:44:47',1,0,'https://i1-giaitri.vnecdn.net/2020/08/04/ly-huong-0116269138-2951387451-9414-1503-1596510423.jpg?w=1020&h=0&q=100&dpr=1&fit=crop&s=h_lM6CNdBFEKsEgGUeJzPQ','Diễn viên Lý Hương đưa con gái Princess Lam từ Mỹ về nước để thăm bố - Nghệ sĩ Nhân dân Lý Huỳnh ốm nặng. Cả hai hoàn thành thời gian cách ly tập trung vào ngày 30/7. Anh trai cô - Lý Hùng (trái) ra Hải Dương đón em và cháu gái.',NULL),(56,3,NULL,NULL,NULL,2,1,'2020-08-08 14:13:50','2020-08-08 14:13:50',6,0,NULL,NULL,1),(57,3,NULL,NULL,NULL,NULL,NULL,NULL,NULL,6,0,NULL,NULL,2),(58,3,NULL,NULL,NULL,NULL,NULL,NULL,NULL,6,0,NULL,NULL,3),(59,3,NULL,NULL,NULL,NULL,NULL,NULL,NULL,6,0,NULL,NULL,4),(60,3,NULL,NULL,NULL,NULL,NULL,NULL,NULL,6,0,NULL,NULL,5),(61,3,NULL,NULL,NULL,NULL,NULL,NULL,NULL,6,0,NULL,NULL,6),(62,44,'Barca - Napoli: Điểm tựa Camp Nou','Barca, với mạch 35 trận bất bại trên sân nhà tại Champions League, tự tin tiếp Napoli ở trận lượt về vòng 1/8.\r\n\r\n*Barca - Napoli: 2h Chủ nhật 9/8, giờ Hà Nội.\r\n\r\nSau khi hòa 1-1 trên đất Italy ở trận lượt đi hồi tháng Hai, Barca cần một chiến thắng hoặc một kết quả hòa không bàn thắng ở lượt về để loại Napoli. Bàn thắng sân khách giúp Lionel Messi và đồng đội nhập cuộc ở Camp Nou đêm nay với tâm thế dễ chịu hơn đối thủ.\r\n\r\nNiềm tin cho Barca càng lớn khi những thống kê đều ủng hộ họ. Từ sau trận thua Bayern 0-3 ở lượt về bán kết Champions League 2012-2013, Barca không biết thua tại Camp Nou. Họ bất bại liên tiếp 35 trận trong hơn bảy năm qua. Đây cũng là mạch bất bại sân nhà dài nhất kể từ khi Cup C1 được đổi tên thành Champions League từ năm 1992.\r\n\r\nBarca vào tứ kết trong cả 12 mùa gần nhất. Không CLB nào tại châu Âu sở hữu mạch vượt qua vòng 1/8 dài như đội bóng xứ Catalonia. Đây cũng là vòng knock-out mà Messi ghi nhiều bàn nhất tại Champions League, với 26 bàn - nhiều nhất trong số các chân sút đương đại.',1,2,1,'2020-08-08 18:47:00','2020-08-13 10:32:13',7,0,'https://i1-thethao.vnecdn.net/2020/08/08/3000-jpeg-1596886929-6001-1596887125.jpg?w=1020&h=0&q=100&dpr=1&fit=crop&s=cu9ATLauF4CaHreIC0huRw','Messi chơi mờ nhạt ở lượt đi, nhưng được kỳ vọng tỏa sáng ở lượt về. Ảnh: AP.',NULL),(63,50,'Arsenal đoạt Cup FA','Pierre-Emerick Aubameyang đánh rơi chiếc Cup FA ngay trước khoảnh khắc Arsenal nhận danh hiệu. Đế đựng Cup dường như long ra, còn đội trưởng người Gabon ôm đầu tỏ vẻ hối lỗi. Sau đó, anh lấy lại tự tin để giương cao danh hiệu của Arsenal, giữa sự hân hoan từ đồng đội. Cảnh tượng nhận Cup giống như hình ảnh ẩn dụ cho mùa giải của \"Pháo Thủ\". Họ nhiều phen lao đao nhưng vẫn khép lại mùa giải thành công.\r\n\r\nAubameyang có thể làm rơi hay vỡ Cup cũng không bị ai trách móc. Arsenal nhập cuộc chệch choạc và bị dẫn ngay phút thứ năm với bàn thắng của Christian Pulisic. Nhưng Aubameyang kiếm phạt đền và gỡ hòa 1-1, trước khi phô diễn kỹ thuật trong bàn ấn định tỷ số 2-1. Người hùng mang áo số 14 giống Thierry Henry ngày nào lại làm nức lòng người mến mộ Pháo Thủ bằng chiếc Cup FA thứ 14.',1,2,1,'2020-08-01 23:00:00','2020-08-11 14:48:29',7,0,'https://i1-thethao.vnecdn.net/2020/08/02/auba-reuters-1596308625-159630-9447-5331-1596308660.jpg?w=1020&h=0&q=100&dpr=1&fit=crop&s=gjCQEDRH0nypSB3nOHvDOg','Aubameyang nâng Cup FA thứ 14 của Arsenal. Ảnh: Reuters.',NULL),(64,50,'Man Utd đứng thứ ba Ngoại hạng Anh','Nhờ quả phạt đền thành bàn của Bruno Fernandes, Man Utd thắng Leicester 2-0 ở vòng cuối và giành vé dự Champions League mùa sau.',1,2,1,'2020-07-26 21:30:00','2020-08-11 14:50:24',7,0,'https://i1-thethao.vnecdn.net/2020/07/27/31219220-8561837-image-a-25-15-7054-6373-1595783516.jpg?w=1020&h=0&q=100&dpr=1&fit=crop&s=LFK4M9kfBCdZNPhVmsJhGg','Bruno Fernandes nhảy chân sáo, sút phạt đền thành công mở tỷ số giữa hiệp hai. Ảnh: MUFC.',NULL),(65,50,'Chelsea giành suất dự Champions League','Ghi hai bàn trong ba phút đá bù hiệp một, chủ nhà Chelsea thắng Wolves 2-0 ở vòng 38 Ngoại hạng Anh hôm 26/7.',1,2,1,'2020-07-26 21:30:00','2020-08-11 14:52:16',7,0,'https://i1-thethao.vnecdn.net/2020/07/27/mount2-1595784014-3315-1595784092.jpg?w=1020&h=0&q=100&dpr=1&fit=crop&s=NkFp28zhK2LsxG7pDutufw','Mount được Lampard tin tưởng suốt mùa này, và anh không để người thầy thất vọng. Ảnh: PA.',NULL),(66,50,'Hà Nội đè bẹp TP HCM ở V-League','Ba bàn thắng trong hiệp hai giúp Hà Nội thắng đậm TP HCM 3-0, ở trận cầu tâm điểm vòng 11 V-League tối 24/7.',1,2,1,'2020-08-11 12:36:20','2020-08-11 14:53:00',7,0,'https://i1-thethao.vnecdn.net/2020/07/24/truong-1595600598-1595600607-6631-1595600631.jpg?w=680&h=0&q=100&dpr=1&fit=crop&s=WyanTpsYK13CzCSVmLmY6A','Việt Anh và Văn Xuân chạy đến chia vui với thủ môn Tấn Trường sau trận. Ảnh: Đức Đồng.',NULL),(67,114,'Đoàn xe quân sự Italy chở thi thể đi hỏa táng','Quân đội Italy phải điều phương tiện chở 61 quan tài từ thành phố Bergamo tới địa điểm hỏa táng ở xa vì nhà xác địa phương bị quá tải.\r\n\r\nTruyền thông quốc gia Italy đăng đoạn video quay ở Bergamo, vùng Lombardy, miền bắc Italy, tối 18/3 cho thấy một đoàn ít nhất 10 xe quân sự đang chuyển 61 thi thể tới các nhà hỏa táng tại 12 thị trấn xung quanh, bao gồm Modena và Parma.\r\n\r\nBergamo là thành phố chịu ảnh hưởng nặng nhất do Covid-19 ở Italy với 93 ca tử vong và hơn 4.300 người nhiễm nCoV tính đến 18/3. Bệnh viện Papa Giovanni đã bị Covid-19 \"đánh gục\", trong khi các dịch vụ công của thành phố cũng rơi vào khủng hoảng.\r\n\r\n***<paragraph/>***\r\nGiorgio Gori, thị trưởng Bergamo, đã viết thư cho các thị trấn lân cận nhờ giúp đỡ hỏa táng thi thể người chết vì nCoV và cho biết tro cốt sẽ được đưa trở lại Bergamo. Nhà hỏa táng của thành phố đã hoạt động hết công suất 24/7 nhưng chỉ có thể xử lý 25 thi thể mỗi ngày.\r\n\r\nCác dịch vụ tang lễ trong thành phố cũng bị quá tải. Nhiều quan tài được xếp chồng lên nhau tại hai nhà xác bệnh viện và nhà xác nghĩa trang chờ được mai táng.\r\n\r\nThị trưởng Gori cho biết số ca tử vong thực tế do nCoV trong thành phố có thể cao hơn nhiều so với báo cáo. \"Một số lượng đáng kể ca tử vong chưa được xác định có phải do nCoV hay không vì họ qua đời tại nhà hoặc viện dưỡng lão\", ông nói.\r\n\r\nMirco Nacoti, một bác sĩ gây mê và chuyên gia chăm sóc chuyên sâu, ước tính ít nhất 60% dân số Bergamo đã nhiễm bệnh.\r\n\r\nItaly là vùng dịch lớn thứ hai trên thế giới, sau Trung Quốc đại lục. Nước này hiện ghi nhận gần 40.000 ca nhiễm, trong đó gần 3.000 người đã tử vong. Italy có tỷ lệ tử vong vì nCoV cao do dân số nước này già nhất châu Âu. Người già và những người bị bệnh lý nền có nguy cơ tử vong cao nhất nếu nhiễm nCoV.\r\n\r\n***<paragraph/>***',1,2,1,'2020-03-19 19:45:00','2020-08-12 15:05:44',3,0,'https://www.youtube.com/embed/v0wLWbN5sAo***<paragraph/>***https://www.youtube.com/embed/-AuYjWkb_LI','Nhân viên lò hỏa táng tại tâm dịch Covid-19 của Italy***<paragraph/>***Người chết vì Covid-19 tăng, Italy cử quân đội vận chuyển thi thể',NULL),(68,3,NULL,NULL,NULL,NULL,NULL,NULL,NULL,6,0,NULL,NULL,7),(69,3,NULL,NULL,NULL,NULL,NULL,NULL,NULL,6,0,NULL,NULL,8);
/*!40000 ALTER TABLE `news` ENABLE KEYS */;
UNLOCK TABLES;

--
-- Table structure for table `notification`
--

DROP TABLE IF EXISTS `notification`;
/*!40101 SET @saved_cs_client     = @@character_set_client */;
 SET character_set_client = utf8mb4 ;
CREATE TABLE `notification` (
  `id_notification` int(11) NOT NULL AUTO_INCREMENT,
  `context_noti` longtext NOT NULL,
  `date_noti` datetime NOT NULL,
  `isread_noti` varchar(20) NOT NULL DEFAULT 'not seen',
  `id_customer` int(11) NOT NULL,
  `link_noti` longtext NOT NULL,
  PRIMARY KEY (`id_notification`),
  KEY `id_customer` (`id_customer`),
  CONSTRAINT `notification_ibfk_2` FOREIGN KEY (`id_customer`) REFERENCES `users` (`id_user`)
) ENGINE=InnoDB AUTO_INCREMENT=12 DEFAULT CHARSET=utf8mb4 COLLATE=utf8mb4_0900_ai_ci;
/*!40101 SET character_set_client = @saved_cs_client */;

--
-- Dumping data for table `notification`
--

LOCK TABLES `notification` WRITE;
/*!40000 ALTER TABLE `notification` DISABLE KEYS */;
INSERT INTO `notification` VALUES (1,'Bạn đã đăng ký thành công Đối thủ của Việt Nam thuê HLV từng vào tứ kết World Cupvui lòng chờ admin phê duyệt','2020-08-14 03:14:21','seen',3,'detail-tournament-7'),(2,'Xin chúc mừng, yêu cầu tham gia Đối thủ của Việt Nam thuê HLV từng vào tứ kết World Cup. đã được phê duyệt, vui lòng đến UAE trước 2020-08-07 23:01:00 để ổn định chỗ ngồi ','2020-08-14 03:44:31','seen',3,'user-control-tournament'),(3,'Xin chúc mừng, yêu cầu tham gia Đối thủ của Việt Nam thuê HLV từng vào tứ kết World Cup. đã được phê duyệt, vui lòng đến UAE trước 2020-08-07 23:01:00 để ổn định chỗ ngồi ','2020-08-14 03:44:46','seen',3,'user-control-tournament'),(4,'Rất tiếc, yêu cầu tham gia Đối thủ của Việt Nam thuê HLV từng vào tứ kết World Cup. đã bị từ chối, vui lòng liên hệ ban quản trị để biết thêm chi tiết','2020-08-14 03:49:50','seen',3,'user-control-tournament'),(5,'Lily đã trả lời bình luận của bạn trong ','2020-08-14 04:15:51','seen',3,'news-detail-58'),(6,'Oggy đã trả lời bình luận của bạn trong Số phận','2020-08-14 04:32:27','seen',3,'detail-goc-nhin-3'),(7,'Chúc mừng bạn Oggy. đã trở thành 1 trong 3 người may mắn nhất bình chọn cho đội 9 giành chiến thắng trong Đối thủ của Việt Nam thuê HLV từng vào tứ kết World Cup vui lòng liên hệ ban tổ chức để nhận giải thưởng','2020-08-14 05:05:49','seen',3,'detail-tournament-7'),(8,'Chúc mừng bạn Oggy đã trở thành 1 trong 3 người may mắn nhất bình chọn cho đội UAE giành chiến thắng trong Đối thủ của Việt Nam thuê HLV từng vào tứ kết World Cup vui lòng liên hệ ban tổ chức để nhận giải thưởng','2020-08-14 05:11:06','seen',3,'detail-tournament-7'),(9,'Oggy đã trả lời bình luận của bạn trong Đoàn xe quân sự Italy chở thi thể đi hỏa táng','2020-08-14 08:50:09','not seen',3,'news-detail-67'),(10,'Bạn đã đăng ký thành công Đối thủ của Việt Nam thuê HLV từng vào tứ kết World Cup. Vui lòng chờ admin phê duyệt','2020-08-26 13:31:49','seen',3,'detail-tournament-7'),(11,'Bạn đã đăng ký thành công Serie A Tim2. Vui lòng chờ admin phê duyệt','2020-08-27 11:35:08','not seen',3,'detail-tournament-6');
/*!40000 ALTER TABLE `notification` ENABLE KEYS */;
UNLOCK TABLES;

--
-- Table structure for table `participant`
--

DROP TABLE IF EXISTS `participant`;
/*!40101 SET @saved_cs_client     = @@character_set_client */;
 SET character_set_client = utf8mb4 ;
CREATE TABLE `participant` (
  `id_participant` int(11) NOT NULL AUTO_INCREMENT,
  `id_customer` int(11) NOT NULL,
  `id_tournament` int(11) NOT NULL,
  `isapproved` varchar(45) NOT NULL DEFAULT 'pending',
  `register_time` datetime NOT NULL,
  PRIMARY KEY (`id_participant`),
  KEY `id_customer` (`id_customer`),
  KEY `id_tournament` (`id_tournament`),
  CONSTRAINT `participant_ibfk_1` FOREIGN KEY (`id_customer`) REFERENCES `users` (`id_user`),
  CONSTRAINT `participant_ibfk_2` FOREIGN KEY (`id_tournament`) REFERENCES `tournament` (`id_tournament`)
) ENGINE=InnoDB AUTO_INCREMENT=16 DEFAULT CHARSET=utf8mb4 COLLATE=utf8mb4_0900_ai_ci;
/*!40101 SET character_set_client = @saved_cs_client */;

--
-- Dumping data for table `participant`
--

LOCK TABLES `participant` WRITE;
/*!40000 ALTER TABLE `participant` DISABLE KEYS */;
INSERT INTO `participant` VALUES (1,3,3,'approved','2020-08-08 13:30:00'),(2,3,5,'denied','2020-08-08 13:30:00'),(14,3,7,'pending','2020-08-26 13:31:49'),(15,3,6,'pending','2020-08-27 11:35:08');
/*!40000 ALTER TABLE `participant` ENABLE KEYS */;
UNLOCK TABLES;

--
-- Table structure for table `predict_tournament`
--

DROP TABLE IF EXISTS `predict_tournament`;
/*!40101 SET @saved_cs_client     = @@character_set_client */;
 SET character_set_client = utf8mb4 ;
CREATE TABLE `predict_tournament` (
  `id_predict_tournament` int(11) NOT NULL AUTO_INCREMENT,
  `id_customer` int(11) NOT NULL,
  `id_tournament` int(11) NOT NULL,
  `team_name` varchar(45) NOT NULL,
  `predict_time` datetime NOT NULL,
  PRIMARY KEY (`id_predict_tournament`),
  KEY `id_customer` (`id_customer`),
  KEY `id_tournament` (`id_tournament`),
  CONSTRAINT `predict_tournament_ibfk_1` FOREIGN KEY (`id_customer`) REFERENCES `users` (`id_user`),
  CONSTRAINT `predict_tournament_ibfk_2` FOREIGN KEY (`id_tournament`) REFERENCES `tournament` (`id_tournament`)
) ENGINE=InnoDB AUTO_INCREMENT=2 DEFAULT CHARSET=utf8mb4 COLLATE=utf8mb4_0900_ai_ci;
/*!40101 SET character_set_client = @saved_cs_client */;

--
-- Dumping data for table `predict_tournament`
--

LOCK TABLES `predict_tournament` WRITE;
/*!40000 ALTER TABLE `predict_tournament` DISABLE KEYS */;
INSERT INTO `predict_tournament` VALUES (1,3,7,'UAE','2020-08-13 20:57:00');
/*!40000 ALTER TABLE `predict_tournament` ENABLE KEYS */;
UNLOCK TABLES;

--
-- Table structure for table `reply`
--

DROP TABLE IF EXISTS `reply`;
/*!40101 SET @saved_cs_client     = @@character_set_client */;
 SET character_set_client = utf8mb4 ;
CREATE TABLE `reply` (
  `id_reply` int(11) NOT NULL AUTO_INCREMENT,
  `id_coment` int(11) NOT NULL,
  `id_customer` int(11) NOT NULL,
  `context_reply` longtext NOT NULL,
  `likes_reply` int(11) DEFAULT '0',
  `isvalid_reply` tinyint(4) NOT NULL DEFAULT '0',
  PRIMARY KEY (`id_reply`),
  KEY `id_coment` (`id_coment`),
  KEY `id_customer` (`id_customer`),
  CONSTRAINT `reply_ibfk_1` FOREIGN KEY (`id_coment`) REFERENCES `coment` (`id_coment`),
  CONSTRAINT `reply_ibfk_2` FOREIGN KEY (`id_customer`) REFERENCES `users` (`id_user`)
) ENGINE=InnoDB AUTO_INCREMENT=19 DEFAULT CHARSET=utf8mb4 COLLATE=utf8mb4_0900_ai_ci;
/*!40101 SET character_set_client = @saved_cs_client */;

--
-- Dumping data for table `reply`
--

LOCK TABLES `reply` WRITE;
/*!40000 ALTER TABLE `reply` DISABLE KEYS */;
INSERT INTO `reply` VALUES (4,1,3,'gh',0,1),(5,1,3,'auohicjk;ác',0,1),(6,3,3,'wnejh fbdiuXZ',0,1),(7,3,2,'chÀO',0,1),(8,3,2,'uiehjokDÁ',0,1),(9,4,2,'mm bvcx',0,1),(10,4,2,'HJEWYRY8U9I0APLd',0,1),(11,5,2,'Có người cam chịu, có người oán trách, có người can trường vượt lên hoàn cảnh. Có người mặc cho đời mình trượt theo sa ngã',0,1),(12,7,4,'fhcvubinlm;,\'.',0,1),(13,8,4,'j hvbnlkm',0,1),(14,7,4,'nah',0,1),(15,5,2,'fdbsvfdngfn',0,1),(16,5,4,'Ala',0,1),(17,5,4,'Ala',0,1),(18,11,4,'duhojacopsd[gkds;vsd',0,1);
/*!40000 ALTER TABLE `reply` ENABLE KEYS */;
UNLOCK TABLES;

--
-- Table structure for table `tournament`
--

DROP TABLE IF EXISTS `tournament`;
/*!40101 SET @saved_cs_client     = @@character_set_client */;
 SET character_set_client = utf8mb4 ;
CREATE TABLE `tournament` (
  `id_tournament` int(11) NOT NULL AUTO_INCREMENT,
  `name_tournament` longtext NOT NULL,
  `id_news` int(11) NOT NULL,
  `start_time` datetime NOT NULL,
  `finish_time` datetime NOT NULL,
  `season` varchar(45) DEFAULT NULL,
  `team1` varchar(45) DEFAULT NULL,
  `team2` varchar(45) DEFAULT NULL,
  `result_team1` int(11) DEFAULT NULL,
  `result_team2` int(11) DEFAULT NULL,
  `location` varchar(45) NOT NULL,
  `organizer` varchar(45) NOT NULL,
  `info_organizer` longtext,
  `audience_quantity` int(11) NOT NULL DEFAULT '0',
  `max_participants` varchar(45) NOT NULL,
  `id_champion` int(11) DEFAULT NULL,
  `id_runner_up` int(11) DEFAULT NULL,
  `tournament_or_event` varchar(45) NOT NULL,
  PRIMARY KEY (`id_tournament`),
  UNIQUE KEY `id_news_UNIQUE` (`id_news`),
  KEY `id_champion` (`id_champion`),
  KEY `id_runner_up` (`id_runner_up`),
  CONSTRAINT `tournament_ibfk_2` FOREIGN KEY (`id_champion`) REFERENCES `users` (`id_user`),
  CONSTRAINT `tournament_ibfk_3` FOREIGN KEY (`id_runner_up`) REFERENCES `users` (`id_user`),
  CONSTRAINT `tournament_ibfk_4` FOREIGN KEY (`id_news`) REFERENCES `news` (`id_news`)
) ENGINE=InnoDB AUTO_INCREMENT=9 DEFAULT CHARSET=utf8mb4 COLLATE=utf8mb4_0900_ai_ci;
/*!40101 SET character_set_client = @saved_cs_client */;

--
-- Dumping data for table `tournament`
--

LOCK TABLES `tournament` WRITE;
/*!40000 ALTER TABLE `tournament` DISABLE KEYS */;
INSERT INTO `tournament` VALUES (3,'Serie A Tim',1,'2020-08-07 01:34:00','2020-08-07 22:04:00','34','beb','Spal',1,1,'Italy','TIM','vhgctuyfgihojkpl',0,'500',NULL,NULL,'tournament'),(4,'Serie A Tim',2,'2020-08-07 02:34:00','2020-08-07 20:34:00','43','Spal','3',4,9,'Italy','TIM','dgbvsfdada',0,'243',NULL,NULL,'tournament'),(5,'Serie A Tim',64,'2020-08-09 03:38:00','2020-08-09 14:38:00',NULL,NULL,NULL,NULL,NULL,'Italy','TIM','sưhjefbuidjxsnuiejfoD',0,'879',3,3,'event'),(6,'Serie A Tim2',65,'2020-08-09 04:28:00','2020-08-09 14:29:00',NULL,NULL,NULL,NULL,NULL,'Italy','TIM','ewh5ehsg',1,'3245',NULL,NULL,'event'),(7,'Đối thủ của Việt Nam thuê HLV từng vào tứ kết World Cup',62,'2020-08-14 04:10:00','2020-08-14 12:11:00','65','VN','UAE',9,12,'UAE','TIM','ewh5ehsg',1,'900',NULL,NULL,'tournament'),(8,'Arsenal đoạt Cup FA',63,'2020-08-09 01:21:00','2020-08-09 13:21:00','54','Spal','Fiorentina',1,1,'Italy','jefuhasnkdlo','ksjalcmoxlshacuia',0,'500',NULL,NULL,'tournament');
/*!40000 ALTER TABLE `tournament` ENABLE KEYS */;
UNLOCK TABLES;

--
-- Table structure for table `typeofnews`
--

DROP TABLE IF EXISTS `typeofnews`;
/*!40101 SET @saved_cs_client     = @@character_set_client */;
 SET character_set_client = utf8mb4 ;
CREATE TABLE `typeofnews` (
  `id_typeofnews` int(11) NOT NULL AUTO_INCREMENT,
  `name_typeofnews` longtext NOT NULL,
  PRIMARY KEY (`id_typeofnews`)
) ENGINE=InnoDB AUTO_INCREMENT=8 DEFAULT CHARSET=utf8mb4 COLLATE=utf8mb4_0900_ai_ci;
/*!40101 SET character_set_client = @saved_cs_client */;

--
-- Dumping data for table `typeofnews`
--

LOCK TABLES `typeofnews` WRITE;
/*!40000 ALTER TABLE `typeofnews` DISABLE KEYS */;
INSERT INTO `typeofnews` VALUES (1,'Thông thường'),(2,'Infographic'),(3,'Video'),(4,'Trắc nghiệm'),(5,'Ảnh'),(6,'Góc nhìn'),(7,'Giải đấu');
/*!40000 ALTER TABLE `typeofnews` ENABLE KEYS */;
UNLOCK TABLES;

--
-- Table structure for table `users`
--

DROP TABLE IF EXISTS `users`;
/*!40101 SET @saved_cs_client     = @@character_set_client */;
 SET character_set_client = utf8mb4 ;
CREATE TABLE `users` (
  `id_user` int(11) NOT NULL AUTO_INCREMENT,
  `name_user` varchar(100) NOT NULL,
  `email` varchar(100) NOT NULL,
  `password` varchar(100) NOT NULL,
  `address` longtext,
  `phone_number` varchar(45) DEFAULT NULL,
  `avatar` longtext,
  `job` longtext,
  `type_of_user` varchar(45) NOT NULL,
  `status_user` tinyint(4) NOT NULL,
  PRIMARY KEY (`id_user`)
) ENGINE=InnoDB AUTO_INCREMENT=8 DEFAULT CHARSET=utf8mb4 COLLATE=utf8mb4_0900_ai_ci;
/*!40101 SET character_set_client = @saved_cs_client */;

--
-- Dumping data for table `users`
--

LOCK TABLES `users` WRITE;
/*!40000 ALTER TABLE `users` DISABLE KEYS */;
INSERT INTO `users` VALUES (1,'Bob','bob@gmail.com','123',NULL,NULL,'https://i-vnexpress.vnecdn.net/2019/03/05/dangquynhgiangpng-1551747549_r_100x100.png',NULL,'journalist',1),(2,'Lily','lily@gmail.com','123',NULL,NULL,'https://i-vnexpress.vnecdn.net/2018/12/25/phungductungpng-1545679758_r_100x100.png',NULL,'admin',1),(3,'Oggy','oggy@gmail.com','123','bk','0911561830','https://i-vnexpress.vnecdn.net/2018/10/09/nguyenlanhieupng-1539019743_r_100x100.png','Nhà văn','customer',1),(4,'deedee','deedee@gmail.com','123','hà nội','0911561830','https://i-vnexpress.vnecdn.net/2019/04/27/phamminhtrietpng-1556347440_r_100x100.png','IT','customer',1),(5,'Bob2','bob2@gmail.com','123',NULL,NULL,'https://i-vnexpress.vnecdn.net/2020/08/08/doankhactrungpng-1596874762_r_100x100.png',NULL,'journalist',1),(6,'Lily2','lily2@gmail.com','123','hn','0911561830','https://i-vnexpress.vnecdn.net/2018/10/09/nguyenlanhieupng-1539019743_r_100x100.png','Nhân viên','admin',1),(7,'lily3','lily3@gmail.com','123',NULL,NULL,'https://i-vnexpress.vnecdn.net/2017/04/11/nguyenkhacgiangpng-1491900251_r_100x100.png','Nhân viên','journalist',1);
/*!40000 ALTER TABLE `users` ENABLE KEYS */;
UNLOCK TABLES;
/*!40103 SET TIME_ZONE=@OLD_TIME_ZONE */;

/*!40101 SET SQL_MODE=@OLD_SQL_MODE */;
/*!40014 SET FOREIGN_KEY_CHECKS=@OLD_FOREIGN_KEY_CHECKS */;
/*!40014 SET UNIQUE_CHECKS=@OLD_UNIQUE_CHECKS */;
/*!40101 SET CHARACTER_SET_CLIENT=@OLD_CHARACTER_SET_CLIENT */;
/*!40101 SET CHARACTER_SET_RESULTS=@OLD_CHARACTER_SET_RESULTS */;
/*!40101 SET COLLATION_CONNECTION=@OLD_COLLATION_CONNECTION */;
/*!40111 SET SQL_NOTES=@OLD_SQL_NOTES */;

-- Dump completed on 2020-08-27 21:12:36
